Version	Extracted	utcTime	weekday	temperature	dewpoint	rain	freezinglevel	uvIndex	totalcloud	lowcloud	medcloud	highcloud	humidity	windspeed	meansealevelpressure	windgustspeed	winddirection	windletter	icon	iconName	chanceofrain	chanceofsnow	dayOfWeek	sunrise	sunset	dayOrNight	seeingIndex	pickeringIndex	transIndex	lightLevel	moonLight	fogRisk	observation	
0.0.3	2026-05-12 19:32:57.867183+00:00	2026-05-12 19:00:00+00:00	Tuesday	14	2	0.0	4780	0	0	0	0	0	52	4	1018	6	269	W	SU	Sunny	0	0	3	05:36:00+00:00	16:31:00+00:00	N	8	8	8	night	0	3	True	
0.0.3	2026-05-12 19:32:57.867183+00:00	2026-05-12 20:00:00+00:00	Tuesday	12	1	0.0	4745	0	0	0	0	0	53	4	1018	4	266	W	SU	Sunny	0	0	3	05:36:00+00:00	16:31:00+00:00	N	8	8	8	night	0	3	True	
0.0.3	2026-05-12 19:32:57.867183+00:00	2026-05-12 21:00:00+00:00	Tuesday	12	1	0.0	4778	0	0	0	0	0	55	4	1019	4	251	WSW	SU	Sunny	0	0	3	05:36:00+00:00	16:31:00+00:00	N	8	8	8	night	0	3	True	
0.0.3	2026-05-12 19:32:57.867183+00:00	2026-05-12 22:00:00+00:00	Tuesday	12	1	0.0	4763	0	0	0	0	0	58	4	1019	4	258	WSW	SU	Sunny	0	0	3	05:36:00+00:00	16:31:00+00:00	N	8	8	8	night	0	3	True	
0.0.3	2026-05-12 19:32:57.867183+00:00	2026-05-12 23:00:00+00:00	Tuesday	12	1	0.0	4811	0	0	0	0	0	60	2	1019	6	254	WSW	SU	Sunny	0	0	3	05:36:00+00:00	16:31:00+00:00	N	8	8	8	night	0	3	True	
0.0.3	2026-05-12 19:32:57.867183+00:00	2026-05-13 00:00:00+00:00	Wednesday	11	2	0.0	4849	0	0	0	0	0	63	2	1019	6	251	WSW	SU	Sunny	0	0	4	05:37:00+00:00	16:30:00+00:00	N	8	8	8	night	0	3	True	
0.0.3	2026-05-12 19:32:57.867183+00:00	2026-05-13 01:00:00+00:00	Wednesday	11	2	0.0	4916	0	0	0	0	0	65	2	1019	8	254	WSW	SU	Sunny	0	0	4	05:37:00+00:00	16:30:00+00:00	N	8	8	8	night	29	4	False	
0.0.3	2026-05-12 19:32:57.867183+00:00	2026-05-13 02:00:00+00:00	Wednesday	11	2	0.0	4745	0	0	0	0	0	67	2	1019	11	251	WSW	SU	Sunny	0	0	4	05:37:00+00:00	16:30:00+00:00	N	8	8	8	night	28	4	False	
0.0.3	2026-05-12 19:32:57.867183+00:00	2026-05-13 03:00:00+00:00	Wednesday	11	2	0.0	4710	0	0	0	0	0	69	2	1019	13	250	WSW	SU	Sunny	0	0	4	05:37:00+00:00	16:30:00+00:00	N	8	8	7	night	28	4	False	
0.0.3	2026-05-12 19:32:57.867183+00:00	2026-05-13 04:00:00+00:00	Wednesday	10	1	0.0	4796	0	0	0	0	0	71	0	1020	11	267	W	SU	Sunny	0	0	4	05:37:00+00:00	16:30:00+00:00	N	8	8	7	naut	28	4	False	
0.0.3	2026-05-12 19:32:57.867183+00:00	2026-05-13 05:00:00+00:00	Wednesday	10	2	0.0	4826	0	0	0	0	0	71	2	1020	11	261	W	SU	Sunny	0	0	4	05:37:00+00:00	16:30:00+00:00	N	8	8	7	day	28	4	False	
0.0.3	2026-05-12 19:32:57.867183+00:00	2026-05-13 06:00:00+00:00	Wednesday	12	2	0.0	4809	0	0	0	0	0	59	2	1020	15	241	WSW	SU	Sunny	0	0	4	05:37:00+00:00	16:30:00+00:00	D	8	8	7	day	27	3	False	
0.0.3	2026-05-12 19:32:57.867183+00:00	2026-05-13 07:00:00+00:00	Wednesday	15	2	0.0	4865	2	0	0	0	0	51	4	1020	17	229	SW	SU	Sunny	0	0	4	05:37:00+00:00	16:30:00+00:00	D	8	9	7	day	27	3	False	
0.0.3	2026-05-12 19:32:57.867183+00:00	2026-05-13 08:00:00+00:00	Wednesday	17	3	0.0	4831	3	0	0	0	0	46	6	1019	15	227	SW	SU	Sunny	0	0	4	05:37:00+00:00	16:30:00+00:00	D	8	9	7	day	27	2	False	
0.0.3	2026-05-12 19:32:57.867183+00:00	2026-05-13 09:00:00+00:00	Wednesday	19	3	0.0	4742	3	0	0	0	0	43	6	1017	15	238	WSW	SU	Sunny	0	0	4	05:37:00+00:00	16:30:00+00:00	D	8	8	7	day	26	2	False	
0.0.3	2026-05-12 19:32:57.867183+00:00	2026-05-13 10:00:00+00:00	Wednesday	20	3	0.0	4765	4	0	0	0	0	38	8	1016	15	239	WSW	SU	Sunny	0	0	4	05:37:00+00:00	16:30:00+00:00	D	8	9	7	day	26	2	False	
0.0.3	2026-05-12 19:32:57.867183+00:00	2026-05-13 11:00:00+00:00	Wednesday	21	3	0.0	4737	4	0	0	0	0	36	11	1015	13	235	SW	SU	Sunny	0	0	4	05:37:00+00:00	16:30:00+00:00	D	6	9	7	day	26	1	False	
0.0.3	2026-05-12 19:32:57.867183+00:00	2026-05-13 12:00:00+00:00	Wednesday	21	3	0.0	4720	4	0	0	0	0	35	11	1014	15	231	SW	SU	Sunny	0	0	4	05:37:00+00:00	16:30:00+00:00	D	6	9	7	day	25	1	False	
0.0.3	2026-05-12 19:32:57.867183+00:00	2026-05-13 13:00:00+00:00	Wednesday	21	3	0.0	4697	4	0	0	0	0	36	11	1014	13	228	SW	SU	Sunny	0	0	4	05:37:00+00:00	16:30:00+00:00	D	6	9	7	day	0	1	False	
0.0.3	2026-05-12 19:32:57.867183+00:00	2026-05-13 14:00:00+00:00	Wednesday	20	4	0.0	4781	3	0	0	0	0	38	11	1014	13	226	SW	SU	Sunny	0	0	4	05:37:00+00:00	16:30:00+00:00	D	6	9	8	day	0	1	False	
0.0.3	2026-05-12 19:32:57.867183+00:00	2026-05-13 15:00:00+00:00	Wednesday	19	5	0.0	4885	2	0	0	0	0	45	6	1015	13	222	SW	SU	Sunny	0	0	4	05:37:00+00:00	16:30:00+00:00	D	8	9	8	day	0	2	False	
0.0.3	2026-05-12 19:32:57.867183+00:00	2026-05-13 16:00:00+00:00	Wednesday	17	4	0.0	4898	2	0	0	0	0	54	4	1017	11	217	SW	SU	Sunny	0	0	4	05:37:00+00:00	16:30:00+00:00	N	8	9	8	naut	0	3	False	
0.0.3	2026-05-12 19:32:57.867183+00:00	2026-05-13 17:00:00+00:00	Wednesday	16	4	0.0	4880	1	0	0	0	0	58	4	1019	13	201	SSW	SU	Sunny	0	0	4	05:37:00+00:00	16:30:00+00:00	N	8	9	8	night	0	3	True	
0.0.3	2026-05-12 19:32:57.867183+00:00	2026-05-13 18:00:00+00:00	Wednesday	15	5	0.0	4899	1	0	0	0	0	62	4	1020	13	187	S	SU	Sunny	0	0	4	05:37:00+00:00	16:30:00+00:00	N	8	9	7	night	0	3	True	
0.0.3	2026-05-12 19:32:57.867183+00:00	2026-05-13 19:00:00+00:00	Wednesday	15	5	0.0	4897	0	0	0	0	0	67	4	1020	13	182	S	SU	Sunny	0	0	4	05:37:00+00:00	16:30:00+00:00	N	8	9	7	night	0	4	True	
0.0.3	2026-05-12 19:32:57.867183+00:00	2026-05-13 20:00:00+00:00	Wednesday	14	5	0.0	4888	0	0	0	0	0	70	4	1021	13	157	SSE	SU	Sunny	0	0	4	05:37:00+00:00	16:30:00+00:00	N	8	9	7	night	0	4	True	
0.0.3	2026-05-12 19:32:57.867183+00:00	2026-05-13 21:00:00+00:00	Wednesday	13	5	0.0	4834	0	0	0	0	0	74	4	1021	13	136	SE	SU	Sunny	0	0	4	05:37:00+00:00	16:30:00+00:00	N	8	9	7	night	0	4	True	
0.0.3	2026-05-12 19:32:57.867183+00:00	2026-05-13 22:00:00+00:00	Wednesday	13	5	0.0	4801	0	0	0	0	0	76	4	1021	11	121	ESE	SU	Sunny	0	0	4	05:37:00+00:00	16:30:00+00:00	N	8	8	7	night	0	5	True	
0.0.3	2026-05-12 19:32:57.867183+00:00	2026-05-13 23:00:00+00:00	Wednesday	12	5	0.0	4771	0	0	0	0	0	78	2	1021	8	114	ESE	SU	Sunny	0	0	4	05:37:00+00:00	16:30:00+00:00	N	8	8	7	night	0	5	True	
0.0.3	2026-05-12 19:32:57.867183+00:00	2026-05-14 00:00:00+00:00	Thursday	12	5	0.0	4720	0	0	0	0	0	82	2	1021	6	112	ESE	SU	Sunny	0	0	5	05:37:00+00:00	16:30:00+00:00	N	8	8	7	night	0	5	True	
0.0.3	2026-05-12 19:32:57.867183+00:00	2026-05-14 01:00:00+00:00	Thursday	11	5	0.0	4682	0	0	0	0	0	82	2	1021	4	118	ESE	SU	Sunny	0	0	5	05:37:00+00:00	16:30:00+00:00	N	8	8	7	night	0	5	True	
0.0.3	2026-05-12 19:32:57.867183+00:00	2026-05-14 02:00:00+00:00	Thursday	11	5	0.0	4656	0	0	0	0	0	83	0	1021	4	104	ESE	SU	Sunny	0	0	5	05:37:00+00:00	16:30:00+00:00	N	8	8	7	night	21	5	False	
0.0.3	2026-05-12 19:32:57.867183+00:00	2026-05-14 03:00:00+00:00	Thursday	11	4	0.0	4658	0	0	0	0	0	83	0	1022	4	89	E	SU	Sunny	0	0	5	05:37:00+00:00	16:30:00+00:00	N	8	8	7	night	21	5	False	
0.0.3	2026-05-12 19:32:57.867183+00:00	2026-05-14 04:00:00+00:00	Thursday	10	4	0.0	4681	0	0	0	0	0	83	0	1023	4	98	E	SU	Sunny	0	0	5	05:37:00+00:00	16:30:00+00:00	N	8	9	7	naut	21	5	False	
0.0.3	2026-05-12 19:32:57.867183+00:00	2026-05-14 05:00:00+00:00	Thursday	10	4	0.0	4706	0	0	0	0	0	83	2	1023	2	82	E	SU	Sunny	0	0	5	05:37:00+00:00	16:30:00+00:00	N	8	9	7	day	20	5	False	
0.0.3	2026-05-12 19:32:57.867183+00:00	2026-05-14 06:00:00+00:00	Thursday	13	5	0.0	4693	0	0	0	0	0	69	2	1023	2	74	ENE	SU	Sunny	0	0	5	05:37:00+00:00	16:30:00+00:00	D	8	9	7	day	20	4	False	
0.0.3	2026-05-12 19:32:57.867183+00:00	2026-05-14 07:00:00+00:00	Thursday	15	5	0.0	4669	2	0	0	0	0	60	0	1023	2	65	ENE	SU	Sunny	0	0	5	05:37:00+00:00	16:30:00+00:00	D	8	8	7	day	20	3	False	
0.0.3	2026-05-12 19:32:57.867183+00:00	2026-05-14 08:00:00+00:00	Thursday	17	5	0.0	4712	3	0	0	0	0	53	0	1022	2	61	ENE	SU	Sunny	0	0	5	05:37:00+00:00	16:30:00+00:00	D	8	8	7	day	19	3	False	
0.0.3	2026-05-12 19:32:57.867183+00:00	2026-05-14 09:00:00+00:00	Thursday	18	5	0.0	4700	3	0	0	0	0	47	0	1020	2	69	ENE	SU	Sunny	0	0	5	05:37:00+00:00	16:30:00+00:00	D	8	8	7	day	19	3	False	
0.0.3	2026-05-12 19:32:57.867183+00:00	2026-05-14 10:00:00+00:00	Thursday	19	5	0.0	4641	4	0	0	0	0	41	0	1019	2	51	NE	SU	Sunny	0	0	5	05:37:00+00:00	16:30:00+00:00	D	8	8	8	day	19	3	False	
0.0.3	2026-05-12 19:32:57.867183+00:00	2026-05-14 11:00:00+00:00	Thursday	20	4	0.0	4586	4	0	0	0	0	36	0	1017	2	303	WNW	SU	Sunny	0	0	5	05:37:00+00:00	16:30:00+00:00	D	8	8	8	day	18	3	False	
0.0.3	2026-05-12 19:32:57.867183+00:00	2026-05-14 12:00:00+00:00	Thursday	21	3	0.0	4588	4	0	0	0	0	32	2	1016	4	307	NW	SU	Sunny	0	0	5	05:37:00+00:00	16:30:00+00:00	D	8	8	8	day	18	3	False	
0.0.3	2026-05-12 19:32:57.867183+00:00	2026-05-14 13:00:00+00:00	Thursday	21	2	0.0	4565	4	0	0	0	0	29	2	1016	4	298	WNW	SU	Sunny	0	0	5	05:37:00+00:00	16:30:00+00:00	D	8	8	8	day	18	3	False	
0.0.3	2026-05-12 19:32:57.867183+00:00	2026-05-14 14:00:00+00:00	Thursday	21	1	0.0	4534	3	0	0	0	0	28	2	1015	4	279	W	SU	Sunny	0	0	5	05:37:00+00:00	16:30:00+00:00	D	8	8	8	day	0	3	False	
0.0.3	2026-05-12 19:32:57.867183+00:00	2026-05-14 15:00:00+00:00	Thursday	19	3	0.0	4513	2	0	0	0	0	38	2	1016	6	229	SW	SU	Sunny	0	0	5	05:37:00+00:00	16:30:00+00:00	D	8	8	8	day	0	3	False	
0.0.3	2026-05-12 19:32:57.867183+00:00	2026-05-14 16:00:00+00:00	Thursday	17	1	0.0	4389	2	0	0	0	0	40	2	1017	8	184	S	SU	Sunny	0	0	5	05:37:00+00:00	16:30:00+00:00	N	8	8	8	naut	0	3	False	
0.0.3	2026-05-12 19:32:57.867183+00:00	2026-05-14 17:00:00+00:00	Thursday	16	1	0.0	4485	1	0	0	0	0	41	4	1018	6	137	SE	SU	Sunny	0	0	5	05:37:00+00:00	16:30:00+00:00	N	8	8	8	night	0	3	True	
0.0.3	2026-05-12 19:32:57.867183+00:00	2026-05-14 18:00:00+00:00	Thursday	16	1	0.0	4507	1	0	0	0	0	42	4	1019	0	135	SE	SU	Sunny	0	0	5	05:37:00+00:00	16:30:00+00:00	N	8	8	8	night	0	3	True	
0.0.3	2026-05-12 19:32:57.867183+00:00	2026-05-14 19:00:00+00:00	Thursday	15	2	0.0	4472	0	3	0	0	3	46	2	1020	2	138	SE	SU	Sunny	0	0	5	05:37:00+00:00	16:30:00+00:00	N	8	8	8	night	0	3	True	
0.0.3	2026-05-12 19:32:57.867183+00:00	2026-05-14 20:00:00+00:00	Thursday	15	2	0.0	4454	0	4	0	0	4	49	2	1020	11	26	NNE	HZ		0	0	5	05:37:00+00:00	16:30:00+00:00	N	8	8	8	night	0	3	True	
0.0.3	2026-05-12 19:32:57.867183+00:00	2026-05-14 21:00:00+00:00	Thursday	14	2	0.0	4433	0	20	0	0	20	51	2	1021	15	72	ENE	HZ		0	0	5	05:37:00+00:00	16:30:00+00:00	N	3	8	8	night	0	3	False	
0.0.3	2026-05-12 19:32:57.867183+00:00	2026-05-14 22:00:00+00:00	Thursday	13	1	0.0	4381	0	6	0	0	6	51	2	1021	11	54	NE	HZ		0	0	5	05:37:00+00:00	16:30:00+00:00	N	8	8	7	night	0	3	True	
0.0.3	2026-05-12 19:32:57.867183+00:00	2026-05-14 23:00:00+00:00	Thursday	13	1	0.0	4326	0	5	0	0	5	53	2	1021	8	54	NE	FA	Fair	0	0	5	05:37:00+00:00	16:30:00+00:00	N	8	9	7	night	0	3	True	
0.0.3	2026-05-12 19:32:57.867183+00:00	2026-05-15 00:00:00+00:00	Friday	12	1	0.0	4222	0	0	0	0	0	55	2	1021	6	17	NNE	HZ		0	0	6	05:38:00+00:00	16:29:00+00:00	N	8	8	7	night	0	3	True	
0.0.3	2026-05-12 19:32:57.867183+00:00	2026-05-15 01:00:00+00:00	Friday	12	2	0.0	4178	0	0	0	0	0	57	2	1021	4	43	NE	FA	Fair	0	0	6	05:38:00+00:00	16:29:00+00:00	N	8	8	7	night	0	3	True	
0.0.3	2026-05-12 19:32:57.867183+00:00	2026-05-15 02:00:00+00:00	Friday	11	2	0.0	4169	0	0	0	0	0	60	4	1021	6	30	NNE	PC	Partly Cloudy	0	0	6	05:38:00+00:00	16:29:00+00:00	N	8	9	7	night	0	3	True	
0.0.3	2026-05-12 19:32:57.867183+00:00	2026-05-15 03:00:00+00:00	Friday	11	2	0.0	4234	0	0	0	0	0	62	4	1022	4	17	NNE	PC	Partly Cloudy	0	0	6	05:38:00+00:00	16:29:00+00:00	N	8	9	7	night	13	3	False	
0.0.3	2026-05-12 19:32:57.867183+00:00	2026-05-15 04:00:00+00:00	Friday	11	2	0.0	4321	0	0	0	0	0	61	4	1023	2	2	N	PC	Partly Cloudy	0	0	6	05:38:00+00:00	16:29:00+00:00	N	8	9	7	naut	13	3	False	
0.0.3	2026-05-12 19:32:57.867183+00:00	2026-05-15 05:00:00+00:00	Friday	11	2	0.0	4336	0	0	0	0	0	61	4	1023	2	356	N	PC	Partly Cloudy	0	0	6	05:38:00+00:00	16:29:00+00:00	N	8	9	7	day	13	3	False	
0.0.3	2026-05-12 19:32:57.867183+00:00	2026-05-15 06:00:00+00:00	Friday	13	4	0.0	4360	0	0	0	0	0	60	4	1023	2	355	N	FA	Fair	0	0	6	05:38:00+00:00	16:29:00+00:00	D	8	9	7	day	12	3	False	
0.0.3	2026-05-12 19:32:57.867183+00:00	2026-05-15 07:00:00+00:00	Friday	15	5	0.0	4311	2	0	0	0	0	54	6	1022	2	326	NW	SU	Sunny	0	0	6	05:38:00+00:00	16:29:00+00:00	D	8	9	7	day	12	2	False	
0.0.3	2026-05-12 19:32:57.867183+00:00	2026-05-15 08:00:00+00:00	Friday	17	6	0.0	4236	3	0	0	0	0	48	6	1021	4	314	NW	SU	Sunny	0	0	6	05:38:00+00:00	16:29:00+00:00	D	8	9	7	day	12	2	False	
0.0.3	2026-05-12 19:32:57.867183+00:00	2026-05-15 09:00:00+00:00	Friday	18	6	0.0	4223	3	0	0	0	0	43	6	1020	4	305	NW	SU	Sunny	0	0	6	05:38:00+00:00	16:29:00+00:00	D	8	9	7	day	11	2	False	
0.0.3	2026-05-12 19:32:57.867183+00:00	2026-05-15 10:00:00+00:00	Friday	20	5	0.0	4192	4	0	0	0	0	38	6	1019	4	290	WNW	SU	Sunny	0	0	6	05:38:00+00:00	16:29:00+00:00	D	8	9	7	day	11	2	False	
0.0.3	2026-05-12 19:32:57.867183+00:00	2026-05-15 11:00:00+00:00	Friday	21	4	0.0	4184	4	0	0	0	0	33	6	1017	4	274	W	SU	Sunny	0	0	6	05:38:00+00:00	16:29:00+00:00	D	8	9	7	day	11	2	False	
0.0.3	2026-05-12 19:32:57.867183+00:00	2026-05-15 12:00:00+00:00	Friday	21	3	0.0	4144	4	0	0	0	0	29	4	1016	4	262	W	SU	Sunny	0	0	6	05:38:00+00:00	16:29:00+00:00	D	8	9	7	day	10	3	False	
0.0.3	2026-05-12 19:32:57.867183+00:00	2026-05-15 13:00:00+00:00	Friday	21	2	0.0	3648	4	1	0	0	0	27	6	1016	6	253	WSW	SU	Sunny	0	0	6	05:38:00+00:00	16:29:00+00:00	D	8	9	7	day	10	2	False	
0.0.3	2026-05-12 19:32:57.867183+00:00	2026-05-15 14:00:00+00:00	Friday	21	2	0.0	3650	3	6	6	2	0	27	6	1016	6	242	WSW	SU	Sunny	0	0	6	05:38:00+00:00	16:29:00+00:00	D	8	9	7	day	10	2	False	
0.0.3	2026-05-12 19:32:57.867183+00:00	2026-05-15 15:00:00+00:00	Friday	19	3	0.0	3657	2	15	12	13	0	35	4	1016	6	212	SSW	SU	Sunny	0	0	6	05:38:00+00:00	16:29:00+00:00	D	3	9	7	day	0	3	False	
0.0.3	2026-05-12 19:32:57.867183+00:00	2026-05-15 16:00:00+00:00	Friday	17	2	0.0	3661	2	42	25	30	0	38	4	1018	8	184	S	SU	Sunny	0	0	6	05:38:00+00:00	16:29:00+00:00	N	2	9	7	naut	0	3	False	
0.0.3	2026-05-12 19:32:57.867183+00:00	2026-05-15 17:00:00+00:00	Friday	17	2	0.0	3911	1	58	44	34	0	41	4	1019	6	163	SSE	SU	Sunny	0	0	6	05:38:00+00:00	16:29:00+00:00	N	1	8	7	night	0	3	False	
0.0.3	2026-05-12 19:32:57.867183+00:00	2026-05-15 18:00:00+00:00	Friday	16	1	0.0	4113	1	53	43	23	0	42	4	1020	6	150	SSE	SU	Sunny	0	0	6	05:38:00+00:00	16:29:00+00:00	N	1	8	7	night	0	3	False	
0.0.3	2026-05-12 19:32:57.867183+00:00	2026-05-15 19:00:00+00:00	Friday	16	1	0.0	4189	0	3	3	0	0	44	2	1020	4	133	SE	SU	Sunny	0	0	6	05:38:00+00:00	16:29:00+00:00	N	8	8	7	night	0	3	True	
0.0.3	2026-05-12 19:32:57.867183+00:00	2026-05-15 20:00:00+00:00	Friday	15	1	0.0	4245	0	0	0	0	0	47	2	1021	0	117	ESE	SU	Sunny	0	0	6	05:38:00+00:00	16:29:00+00:00	N	8	8	7	night	0	3	True	
0.0.3	2026-05-12 19:32:57.867183+00:00	2026-05-15 21:00:00+00:00	Friday	15	1	0.0	4264	0	0	0	0	0	49	0	1021	0	108	ESE	SU	Sunny	0	0	6	05:38:00+00:00	16:29:00+00:00	N	8	8	7	night	0	3	True	
0.0.3	2026-05-12 19:32:57.867183+00:00	2026-05-15 22:00:00+00:00	Friday	14	1	0.0	4252	0	0	0	0	0	49	2	1021	2	117	ESE	SU	Sunny	0	0	6	05:38:00+00:00	16:29:00+00:00	N	8	8	7	night	0	3	True	
0.0.3	2026-05-12 19:32:57.867183+00:00	2026-05-15 23:00:00+00:00	Friday	14	1	0.0	4276	0	0	0	0	0	50	2	1022	2	95	E	SU	Sunny	0	0	6	05:38:00+00:00	16:29:00+00:00	N	8	8	7	night	0	3	True	
0.0.3	2026-05-12 19:32:57.867183+00:00	2026-05-16 00:00:00+00:00	Saturday	14	1	0.0	4292	0	0	0	0	0	51	2	1022	2	80	E	SU	Sunny	1	0	7	05:38:00+00:00	16:29:00+00:00	N	8	9	7	night	0	3	True	
0.0.3	2026-05-12 19:32:57.867183+00:00	2026-05-16 01:00:00+00:00	Saturday	13	1	0.0	4321	0	0	0	0	0	52	2	1022	2	84	E	SU	Sunny	1	0	7	05:38:00+00:00	16:29:00+00:00	N	8	9	8	night	0	3	True	
0.0.3	2026-05-12 19:32:57.867183+00:00	2026-05-16 02:00:00+00:00	Saturday	13	1	0.0	4335	0	0	0	0	0	52	2	1022	2	77	ENE	SU	Sunny	1	0	7	05:38:00+00:00	16:29:00+00:00	N	8	9	8	night	0	3	True	
0.0.3	2026-05-12 19:32:57.867183+00:00	2026-05-16 03:00:00+00:00	Saturday	13	0	0.0	4317	0	0	0	0	0	53	2	1022	2	73	ENE	SU	Sunny	0	0	7	05:38:00+00:00	16:29:00+00:00	N	8	9	8	night	0	3	True	
0.0.3	2026-05-12 19:32:57.867183+00:00	2026-05-16 04:00:00+00:00	Saturday	12	1	0.0	4309	0	0	0	0	0	55	2	1023	2	71	ENE	SU	Sunny	0	0	7	05:38:00+00:00	16:29:00+00:00	N	8	9	8	naut	0	3	False	
0.0.3	2026-05-12 19:32:57.867183+00:00	2026-05-16 05:00:00+00:00	Saturday	12	1	0.0	4286	0	0	0	0	0	57	2	1024	2	71	ENE	SU	Sunny	0	0	7	05:38:00+00:00	16:29:00+00:00	N	8	9	8	day	5	3	False	
0.0.3	2026-05-12 19:32:57.867183+00:00	2026-05-16 06:00:00+00:00	Saturday	14	2	0.0	4285	0	0	0	0	0	50	2	1024	2	73	ENE	SU	Sunny	0	0	7	05:38:00+00:00	16:29:00+00:00	D	8	9	8	day	5	3	False	
0.0.3	2026-05-12 19:32:57.867183+00:00	2026-05-16 07:00:00+00:00	Saturday	16	3	0.0	4274	2	0	0	0	0	44	2	1022	2	85	E	SU	Sunny	0	0	7	05:38:00+00:00	16:29:00+00:00	D	8	9	8	day	4	3	False	
0.0.3	2026-05-12 19:32:57.867183+00:00	2026-05-16 08:00:00+00:00	Saturday	18	3	0.0	4266	3	0	0	0	0	39	2	1022	2	69	ENE	SU	Sunny	0	0	7	05:38:00+00:00	16:29:00+00:00	D	8	9	8	day	4	3	False	
0.0.3	2026-05-12 19:32:57.867183+00:00	2026-05-16 09:00:00+00:00	Saturday	19	3	0.0	4235	3	0	0	0	0	35	2	1020	2	43	NE	SU	Sunny	0	0	7	05:38:00+00:00	16:29:00+00:00	D	8	9	8	day	4	3	False	
0.0.3	2026-05-12 19:32:57.867183+00:00	2026-05-16 10:00:00+00:00	Saturday	20	3	0.0	4213	4	0	0	0	0	31	0	1019	2	11	N	SU	Sunny	0	0	7	05:38:00+00:00	16:29:00+00:00	D	8	9	8	day	3	3	False	
0.0.3	2026-05-12 19:32:57.867183+00:00	2026-05-16 11:00:00+00:00	Saturday	21	2	0.0	4182	4	3	3	0	0	28	0	1018	2	291	WNW	SU	Sunny	0	0	7	05:38:00+00:00	16:29:00+00:00	D	8	9	8	day	3	3	False	
0.0.3	2026-05-12 19:32:57.867183+00:00	2026-05-16 12:00:00+00:00	Saturday	21	1	0.0	4155	4	2	2	0	0	26	0	1017	2	245	WSW	SU	Sunny	0	0	7	05:38:00+00:00	16:29:00+00:00	D	8	9	8	day	3	3	False	
0.0.3	2026-05-12 19:32:57.867183+00:00	2026-05-16 13:00:00+00:00	Saturday	21	1	0.0	4115	4	1	1	0	0	25	2	1016	2	225	SW	SU	Sunny	0	0	7	05:38:00+00:00	16:29:00+00:00	D	8	9	8	day	2	3	False	
0.0.3	2026-05-12 19:32:57.867183+00:00	2026-05-16 14:00:00+00:00	Saturday	21	1	0.0	4103	3	5	4	2	0	26	2	1016	2	206	SSW	SU	Sunny	0	0	7	05:38:00+00:00	16:29:00+00:00	D	8	9	8	day	2	3	False	
0.0.3	2026-05-12 19:32:57.867183+00:00	2026-05-16 15:00:00+00:00	Saturday	20	2	0.0	4138	2	13	11	4	0	33	4	1016	5	179	S	SU	Sunny	0	0	7	05:38:00+00:00	16:29:00+00:00	D	3	9	8	day	0	3	False	
0.0.3	2026-05-12 19:32:57.867183+00:00	2026-05-16 16:00:00+00:00	Saturday	18	1	0.0	4140	2	9	8	5	0	35	4	1017	8	162	SSE	SU	Sunny	0	0	7	05:38:00+00:00	16:29:00+00:00	N	8	9	8	naut	0	3	False	
0.0.3	2026-05-12 19:32:57.867183+00:00	2026-05-16 17:00:00+00:00	Saturday	17	1	0.0	4081	1	5	5	5	0	36	4	1018	8	137	SE	SU	Sunny	0	0	7	05:38:00+00:00	16:29:00+00:00	N	8	9	8	night	0	3	True	
0.0.3	2026-05-12 19:32:57.867183+00:00	2026-05-16 18:00:00+00:00	Saturday	17	0	0.0	4010	1	7	5	7	0	37	4	1019	6	109	ESE	SU	Sunny	0	0	7	05:38:00+00:00	16:29:00+00:00	N	8	9	8	night	0	3	True	
0.0.3	2026-05-12 19:32:57.867183+00:00	2026-05-16 19:00:00+00:00	Saturday	16	0	0.0	3911	0	15	6	15	0	38	4	1020	2	100	E	SU	Sunny	0	0	7	05:38:00+00:00	16:29:00+00:00	N	3	9	8	night	0	3	False	
0.0.3	2026-05-12 19:32:57.867183+00:00	2026-05-16 20:00:00+00:00	Saturday	16	0	0.0	3671	0	16	14	16	0	40	4	1020	2	83	E	SU	Sunny	0	0	7	05:38:00+00:00	16:29:00+00:00	N	3	9	7	night	0	3	False	
0.0.3	2026-05-12 19:32:57.867183+00:00	2026-05-16 21:00:00+00:00	Saturday	16	1	0.0	3637	0	16	16	15	0	43	4	1021	4	14	NNE	SU	Sunny	0	0	7	05:38:00+00:00	16:29:00+00:00	N	3	9	7	night	0	3	False	
0.0.3	2026-05-12 19:32:57.867183+00:00	2026-05-16 22:00:00+00:00	Saturday	14	1	0.0	3614	0	16	9	14	0	48	2	1021	8	45	NE	SU	Sunny	0	0	7	05:38:00+00:00	16:29:00+00:00	N	3	9	7	night	0	3	False	
0.0.3	2026-05-12 19:32:57.867183+00:00	2026-05-16 23:00:00+00:00	Saturday	13	1	0.0	3589	0	15	4	12	0	49	4	1021	8	23	NNE	SU	Sunny	0	0	7	05:38:00+00:00	16:29:00+00:00	N	3	9	7	night	0	3	False	
0.0.3	2026-05-12 19:32:57.867183+00:00	2026-05-17 00:00:00+00:00	Sunday	13	2	0.0	3574	0	5	5	0	0	54	2	1021	6	14	NNE	SU	Sunny	0	0	1	05:39:00+00:00	16:28:00+00:00	N	8	8	7	night	0	3	True	
0.0.3	2026-05-12 19:32:57.867183+00:00	2026-05-17 01:00:00+00:00	Sunday	12	2	0.0	3558	0	4	4	0	0	57	2	1021	6	358	N	SU	Sunny	0	0	1	05:39:00+00:00	16:28:00+00:00	N	8	8	7	night	0	3	True	
0.0.3	2026-05-12 19:32:57.867183+00:00	2026-05-17 02:00:00+00:00	Sunday	12	3	0.0	3545	0	4	4	0	0	59	0	1021	6	351	N	SU	Sunny	0	0	1	05:39:00+00:00	16:28:00+00:00	N	8	8	7	night	0	3	True	
0.0.3	2026-05-12 19:32:57.867183+00:00	2026-05-17 03:00:00+00:00	Sunday	11	3	0.0	3529	0	3	3	0	0	58	4	1021	6	21	NNE	FA	Fair	0	0	1	05:39:00+00:00	16:28:00+00:00	N	8	8	7	night	0	3	True	
0.0.3	2026-05-12 19:32:57.867183+00:00	2026-05-17 04:00:00+00:00	Sunday	11	3	0.0	3520	0	4	4	0	0	61	4	1022	4	29	NNE	PC	Partly Cloudy	0	0	1	05:39:00+00:00	16:28:00+00:00	N	8	8	7	naut	0	3	False	
0.0.3	2026-05-12 19:32:57.867183+00:00	2026-05-17 05:00:00+00:00	Sunday	11	3	0.1	3506	0	20	20	0	0	61	4	1023	4	29	NNE	PC	Partly Cloudy	0	0	1	05:39:00+00:00	16:28:00+00:00	N	3	8	7	day	0	3	False	
0.0.3	2026-05-12 19:32:57.867183+00:00	2026-05-17 06:00:00+00:00	Sunday	13	4	0.0	3497	0	25	25	0	0	57	4	1023	4	6	N	FA	Fair	0	0	1	05:39:00+00:00	16:28:00+00:00	D	3	8	7	day	3	3	False	
0.0.3	2026-05-12 19:32:57.867183+00:00	2026-05-17 09:00:00+00:00	Sunday	18	6	0.1	3533	3	18	18	0	0	42	6	1019	6	319	NW	SU	Sunny	0	0	1	05:39:00+00:00	16:28:00+00:00	D	3	8	7	day	4	2	False	
0.0.3	2026-05-12 19:32:57.867183+00:00	2026-05-17 12:00:00+00:00	Sunday	19	3	0.1	3579	4	96	96	94	0	30	4	1016	6	248	WSW	SU	Sunny	0	0	1	05:39:00+00:00	16:28:00+00:00	D	0	8	7	day	5	3	False	
0.0.3	2026-05-12 19:32:57.867183+00:00	2026-05-17 15:00:00+00:00	Sunday	18	3	0.0	3614	2	99	34	99	0	35	4	1016	6	159	SSE	CL	Cloudy	0	0	1	05:39:00+00:00	16:28:00+00:00	D	0	7	7	day	6	3	False	
0.0.3	2026-05-12 19:32:57.867183+00:00	2026-05-17 18:00:00+00:00	Sunday	16	2	0.0	3592	1	91	54	91	0	39	2	1018	4	93	E	CL	Cloudy	0	0	1	05:39:00+00:00	16:28:00+00:00	N	0	7	7	night	0	3	False	
0.0.3	2026-05-12 19:32:57.867183+00:00	2026-05-17 21:00:00+00:00	Sunday	15	4	0.0	3618	0	44	5	44	0	48	2	1019	2	0	N	FA	Fair	0	0	1	05:39:00+00:00	16:28:00+00:00	N	2	8	7	night	0	3	False	
0.0.3	2026-05-12 19:32:57.867183+00:00	2026-05-18 00:00:00+00:00	Monday	14	3	0.0	3545	0	24	5	24	0	53	4	1019	2	0	N	FA	Fair	0	0	2	05:39:00+00:00	16:28:00+00:00	N	3	8	7	night	0	3	False	
0.0.3	2026-05-12 19:32:57.867183+00:00	2026-05-18 03:00:00+00:00	Monday	13	4	0.0	3525	0	37	17	37	0	64	2	1019	2	339	NNW	SU	Sunny	10	0	2	05:39:00+00:00	16:28:00+00:00	N	2	8	7	night	0	3	False	
0.0.3	2026-05-12 19:32:57.867183+00:00	2026-05-18 06:00:00+00:00	Monday	15	4	0.0	3491	0	86	21	86	0	54	0	1020	2	291	WNW	SU	Sunny	10	0	2	05:39:00+00:00	16:28:00+00:00	D	0	7	7	day	0	3	False	
0.0.3	2026-05-12 19:32:57.867183+00:00	2026-05-18 09:00:00+00:00	Monday	20	4	0.0	3561	3	5	2	0	4	36	4	1018	6	247	WSW	SU	Sunny	10	0	2	05:39:00+00:00	16:28:00+00:00	D	8	7	7	day	12	3	False	
0.0.3	2026-05-12 19:32:57.867183+00:00	2026-05-18 12:00:00+00:00	Monday	22	0	0.0	3575	4	96	0	12	96	24	4	1014	8	206	SSW	SU	Sunny	10	0	2	05:39:00+00:00	16:28:00+00:00	D	0	7	7	day	13	3	False	
0.0.3	2026-05-12 19:32:57.867183+00:00	2026-05-18 15:00:00+00:00	Monday	20	2	0.0	3609	2	95	0	35	95	32	4	1014	8	195	SSW	SU	Sunny	4	0	2	05:39:00+00:00	16:28:00+00:00	D	0	8	7	day	14	3	False	
0.0.3	2026-05-12 19:32:57.867183+00:00	2026-05-18 18:00:00+00:00	Monday	18	1	0.0	3612	1	96	0	2	96	38	4	1017	13	170	S	HZ		14	0	2	05:39:00+00:00	16:28:00+00:00	N	0	8	7	night	0	3	False	
0.0.3	2026-05-12 19:32:57.867183+00:00	2026-05-18 21:00:00+00:00	Monday	16	1	0.0	3647	0	95	0	0	95	43	2	1018	13	122	ESE	HZ		14	0	2	05:39:00+00:00	16:28:00+00:00	N	0	8	7	night	0	3	False	
0.0.3	2026-05-12 19:32:57.867183+00:00	2026-05-19 00:00:00+00:00	Tuesday	14	1	0.0	3607	0	98	0	8	98	45	2	1019	13	95	E	HZ		14	0	3	05:40:00+00:00	16:27:00+00:00	N	0	8	8	night	0	3	False	
0.0.3	2026-05-12 19:32:57.867183+00:00	2026-05-19 03:00:00+00:00	Tuesday	13	1	0.0	3623	0	95	0	0	95	54	2	1020	6	60	ENE	SU	Sunny	0	0	3	05:40:00+00:00	16:27:00+00:00	N	0	9	7	night	0	3	False	
0.0.3	2026-05-12 19:32:57.867183+00:00	2026-05-19 06:00:00+00:00	Tuesday	15	2	0.0	3573	0	31	0	0	31	48	2	1021	6	87	E	SU	Sunny	0	0	3	05:40:00+00:00	16:27:00+00:00	D	2	9	7	day	0	3	False	
0.0.3	2026-05-12 19:32:57.867183+00:00	2026-05-19 09:00:00+00:00	Tuesday	20	1	0.0	3660	3	0	0	0	0	30	2	1018	6	57	ENE	SU	Sunny	0	0	3	05:40:00+00:00	16:27:00+00:00	D	8	9	7	day	20	3	False	
0.0.3	2026-05-12 19:32:57.867183+00:00	2026-05-19 12:00:00+00:00	Tuesday	22	0	0.0	3634	4	0	0	0	0	23	2	1015	6	127	SE	SU	Sunny	0	0	3	05:40:00+00:00	16:27:00+00:00	D	8	9	7	day	21	3	False	
0.0.3	2026-05-12 19:32:57.867183+00:00	2026-05-19 15:00:00+00:00	Tuesday	20	1	0.0	3673	2	22	0	22	0	30	4	1016	4	131	SE	SU	Sunny	0	0	3	05:40:00+00:00	16:27:00+00:00	D	3	9	7	day	22	3	False	
0.0.3	2026-05-12 19:32:57.867183+00:00	2026-05-19 18:00:00+00:00	Tuesday	16	0	0.0	3683	1	6	0	6	0	33	4	1019	0	111	ESE	SU	Sunny	0	0	3	05:40:00+00:00	16:27:00+00:00	N	8	9	8	night	23	3	False	
0.0.3	2026-05-12 19:32:57.867183+00:00	2026-05-19 21:00:00+00:00	Tuesday	15	0	0.0	3677	0	29	0	27	8	38	4	1021	2	131	SE	HZ		4	0	3	05:40:00+00:00	16:27:00+00:00	N	2	8	8	night	0	3	False	
0.0.3	2026-05-12 19:32:57.867183+00:00	2026-05-20 00:00:00+00:00	Wednesday	13	0	0.0	3625	0	12	0	4	12	46	2	1022	6	45	NE	SU	Sunny	4	0	4	05:41:00+00:00	16:27:00+00:00	N	3	8	7	night	0	3	False	
0.0.3	2026-05-12 19:32:57.867183+00:00	2026-05-20 03:00:00+00:00	Wednesday	12	1	0.0	3579	0	7	0	0	7	47	4	1023	2	101	E	FA	Fair	0	0	4	05:41:00+00:00	16:27:00+00:00	N	8	8	7	night	0	3	True	
0.0.3	2026-05-12 19:32:57.867183+00:00	2026-05-20 06:00:00+00:00	Wednesday	13	1	0.0	3604	0	1	0	0	1	47	2	1025	4	29	NNE	SU	Sunny	0	0	4	05:41:00+00:00	16:27:00+00:00	D	8	8	8	day	0	3	False	
0.0.3	2026-05-12 19:32:57.867183+00:00	2026-05-20 09:00:00+00:00	Wednesday	18	2	0.0	3611	3	5	0	0	5	32	2	1023	2	345	NNW	FA	Fair	4	0	4	05:41:00+00:00	16:27:00+00:00	D	8	7	8	day	28	3	False	
0.0.3	2026-05-12 19:32:57.867183+00:00	2026-05-20 12:00:00+00:00	Wednesday	21	0	0.0	3581	4	82	0	0	82	24	2	1019	4	118	ESE	HZ		10	0	4	05:41:00+00:00	16:27:00+00:00	D	0	8	8	day	29	3	False	
0.0.3	2026-05-12 19:32:57.867183+00:00	2026-05-20 15:00:00+00:00	Wednesday	20	1	0.0	3602	2	91	7	22	91	30	4	1020	4	112	ESE	HZ		10	0	4	05:41:00+00:00	16:27:00+00:00	D	0	8	8	day	30	3	False	
0.0.3	2026-05-12 19:32:57.867183+00:00	2026-05-20 18:00:00+00:00	Wednesday	16	-1	0.0	3641	1	92	4	4	92	33	4	1023	6	106	ESE	FA	Fair	20	0	4	05:41:00+00:00	16:27:00+00:00	N	0	8	8	night	31	3	False	
0.0.3	2026-05-12 19:32:57.867183+00:00	2026-05-20 21:00:00+00:00	Wednesday	15	-1	0.0	3607	0	23	2	17	19	36	4	1025	4	35	NE	FA	Fair	20	0	4	05:41:00+00:00	16:27:00+00:00	N	3	8	8	night	0	3	False	
0.0.3	2026-05-12 19:32:57.867183+00:00	2026-05-21 00:00:00+00:00	Thursday	13	0	0.0	3580	0	90	9	0	90	49	2	1026	8	3	N	HZ		25	0	5	05:41:00+00:00	16:26:00+00:00	N	0	8	7	night	0	3	False	
0.0.3	2026-05-12 19:32:57.867183+00:00	2026-05-21 03:00:00+00:00	Thursday	12	2	0.0	3549	0	99	2	0	99	59	4	1027	4	6	N	HZ		20	0	5	05:41:00+00:00	16:26:00+00:00	N	0	8	7	night	0	3	False	
0.0.3	2026-05-12 19:32:57.867183+00:00	2026-05-21 06:00:00+00:00	Thursday	13	4	0.0	3559	0	93	0	0	93	60	2	1029	2	27	NNE	FA	Fair	20	0	5	05:41:00+00:00	16:26:00+00:00	D	0	8	7	day	0	3	False	
0.0.3	2026-05-12 19:32:57.867183+00:00	2026-05-21 09:00:00+00:00	Thursday	18	5	0.0	3805	3	92	0	0	92	45	2	1027	6	351	N	SU	Sunny	14	0	5	05:41:00+00:00	16:26:00+00:00	D	0	8	7	day	0	3	False	
0.0.3	2026-05-12 19:32:57.867183+00:00	2026-05-21 12:00:00+00:00	Thursday	20	3	0.0	3913	4	0	0	0	0	32	4	1023	11	83	E	SU	Sunny	14	0	5	05:41:00+00:00	16:26:00+00:00	D	8	8	7	day	36	3	False	
0.0.3	2026-05-12 19:32:57.867183+00:00	2026-05-21 15:00:00+00:00	Thursday	19	4	0.0	3559	2	5	1	0	4	38	4	1023	11	113	ESE	SU	Sunny	10	0	5	05:41:00+00:00	16:26:00+00:00	D	8	8	7	day	37	3	False	
0.0.3	2026-05-12 19:32:57.867183+00:00	2026-05-21 18:00:00+00:00	Thursday	15	2	0.0	3685	1	93	0	0	93	44	2	1026	13	93	E	SU	Sunny	14	0	5	05:41:00+00:00	16:26:00+00:00	N	0	8	7	night	38	3	False	
0.0.3	2026-05-12 19:32:57.867183+00:00	2026-05-21 21:00:00+00:00	Thursday	13	2	0.0	3559	0	24	0	0	24	48	6	1028	13	75	ENE	SU	Sunny	10	0	5	05:41:00+00:00	16:26:00+00:00	N	3	8	7	night	0	2	False	
0.0.3	2026-05-12 19:32:57.867183+00:00	2026-05-22 00:00:00+00:00	Friday	11	4	0.0	4209	0	4	0	0	4	62	4	1029	6	43	NE	SU	Sunny	10	0	6	05:42:00+00:00	16:26:00+00:00	N	8	9	7	night	0	3	True	
0.0.3	2026-05-12 19:32:57.867183+00:00	2026-05-22 03:00:00+00:00	Friday	10	4	0.0	4160	0	0	0	0	0	72	2	1030	2	42	NE	SU	Sunny	0	0	6	05:42:00+00:00	16:26:00+00:00	N	8	9	7	night	0	4	True	
0.0.3	2026-05-12 19:32:57.867183+00:00	2026-05-22 06:00:00+00:00	Friday	11	4	0.0	4290	0	0	0	0	0	64	2	1031	6	53	NE	SU	Sunny	0	0	6	05:42:00+00:00	16:26:00+00:00	D	8	8	7	day	0	3	False	
0.0.3	2026-05-12 19:32:57.867183+00:00	2026-05-22 09:00:00+00:00	Friday	16	4	0.0	4211	3	0	0	0	0	43	0	1028	8	106	ESE	SU	Sunny	4	0	6	05:42:00+00:00	16:26:00+00:00	D	8	8	7	day	0	3	False	
0.0.3	2026-05-12 19:32:57.867183+00:00	2026-05-22 12:00:00+00:00	Friday	19	3	0.0	4062	4	0	0	0	0	33	6	1023	6	118	ESE	SU	Sunny	4	0	6	05:42:00+00:00	16:26:00+00:00	D	8	8	8	day	43	2	False	
0.0.3	2026-05-12 19:32:57.867183+00:00	2026-05-22 15:00:00+00:00	Friday	17	4	0.0	4105	2	0	0	0	0	42	2	1023	6	125	SE	SU	Sunny	4	0	6	05:42:00+00:00	16:26:00+00:00	D	8	8	7	day	44	3	False	
0.0.3	2026-05-12 19:32:57.867183+00:00	2026-05-22 18:00:00+00:00	Friday	13	3	0.0	4187	1	0	0	0	0	50	2	1026	4	114	ESE	SU	Sunny	2	0	6	05:42:00+00:00	16:26:00+00:00	N	8	8	7	night	45	3	False	
0.0.3	2026-05-12 22:15:41.487631+00:00	2026-05-12 22:00:00+00:00	Tuesday	12	1	0.0	4791	0	0	0	0	0	58	4	1019	6	266	W	SU	Sunny	0	0	3	05:36:00+00:00	16:31:00+00:00	N	8	9	8	night	0	3	True	
0.0.3	2026-05-12 22:15:41.487631+00:00	2026-05-12 23:00:00+00:00	Tuesday	12	1	0.0	4813	0	0	0	0	0	60	2	1019	6	254	WSW	SU	Sunny	0	0	3	05:36:00+00:00	16:31:00+00:00	N	8	8	8	night	0	3	True	
0.0.3	2026-05-12 22:15:41.487631+00:00	2026-05-13 00:00:00+00:00	Wednesday	11	2	0.0	4836	0	0	0	0	0	62	2	1019	6	248	WSW	SU	Sunny	0	0	4	05:37:00+00:00	16:30:00+00:00	N	8	8	8	night	0	3	True	
0.0.3	2026-05-12 22:15:41.487631+00:00	2026-05-13 01:00:00+00:00	Wednesday	11	2	0.0	4863	0	0	0	0	0	65	2	1019	11	247	WSW	SU	Sunny	0	0	4	05:37:00+00:00	16:30:00+00:00	N	8	8	8	night	29	4	False	
0.0.3	2026-05-12 22:15:41.487631+00:00	2026-05-13 02:00:00+00:00	Wednesday	11	2	0.0	4724	0	0	0	0	0	67	2	1019	13	233	SW	SU	Sunny	0	0	4	05:37:00+00:00	16:30:00+00:00	N	8	8	7	night	28	4	False	
0.0.3	2026-05-12 22:15:41.487631+00:00	2026-05-13 03:00:00+00:00	Wednesday	10	2	0.0	4758	0	0	0	0	0	69	2	1019	13	241	WSW	SU	Sunny	0	0	4	05:37:00+00:00	16:30:00+00:00	N	8	8	7	night	28	4	False	
0.0.3	2026-05-12 22:15:41.487631+00:00	2026-05-13 04:00:00+00:00	Wednesday	10	2	0.0	4744	0	0	0	0	0	71	2	1020	13	255	WSW	SU	Sunny	0	0	4	05:37:00+00:00	16:30:00+00:00	N	8	8	7	naut	28	4	False	
0.0.3	2026-05-12 22:15:41.487631+00:00	2026-05-13 05:00:00+00:00	Wednesday	10	2	0.0	4774	0	0	0	0	0	72	2	1020	13	263	W	SU	Sunny	0	0	4	05:37:00+00:00	16:30:00+00:00	N	8	8	7	day	28	4	False	
0.0.3	2026-05-12 22:15:41.487631+00:00	2026-05-13 06:00:00+00:00	Wednesday	12	2	0.0	4830	0	0	0	0	0	60	2	1020	15	245	WSW	SU	Sunny	0	0	4	05:37:00+00:00	16:30:00+00:00	D	8	8	7	day	27	3	False	
0.0.3	2026-05-12 22:15:41.487631+00:00	2026-05-13 07:00:00+00:00	Wednesday	15	3	0.0	4893	2	0	0	0	0	53	4	1020	17	225	SW	SU	Sunny	0	0	4	05:37:00+00:00	16:30:00+00:00	D	8	8	7	day	27	3	False	
0.0.3	2026-05-12 22:15:41.487631+00:00	2026-05-13 08:00:00+00:00	Wednesday	17	3	0.0	4790	3	0	0	0	0	49	4	1019	17	234	SW	SU	Sunny	0	0	4	05:37:00+00:00	16:30:00+00:00	D	8	8	7	day	27	3	False	
0.0.3	2026-05-12 22:15:41.487631+00:00	2026-05-13 09:00:00+00:00	Wednesday	18	4	0.0	4753	3	0	0	0	0	45	6	1017	15	242	WSW	SU	Sunny	0	0	4	05:37:00+00:00	16:30:00+00:00	D	8	8	7	day	26	2	False	
0.0.3	2026-05-12 22:15:41.487631+00:00	2026-05-13 10:00:00+00:00	Wednesday	19	4	0.0	4746	4	0	0	0	0	40	11	1016	15	236	SW	SU	Sunny	0	0	4	05:37:00+00:00	16:30:00+00:00	D	6	9	7	day	26	1	False	
0.0.3	2026-05-12 22:15:41.487631+00:00	2026-05-13 11:00:00+00:00	Wednesday	19	4	0.0	4673	4	0	0	0	0	37	11	1015	15	234	SW	SU	Sunny	0	0	4	05:37:00+00:00	16:30:00+00:00	D	6	9	7	day	26	1	False	
0.0.3	2026-05-12 22:15:41.487631+00:00	2026-05-13 12:00:00+00:00	Wednesday	21	4	0.0	4665	4	0	0	0	0	36	11	1014	15	229	SW	SU	Sunny	0	0	4	05:37:00+00:00	16:30:00+00:00	D	6	9	7	day	25	1	False	
0.0.3	2026-05-12 22:15:41.487631+00:00	2026-05-13 13:00:00+00:00	Wednesday	21	4	0.0	4702	4	0	0	0	0	37	11	1014	15	227	SW	SU	Sunny	0	0	4	05:37:00+00:00	16:30:00+00:00	D	6	9	7	day	0	1	False	
0.0.3	2026-05-12 22:15:41.487631+00:00	2026-05-13 14:00:00+00:00	Wednesday	20	4	0.0	4709	3	0	0	0	0	39	11	1015	13	225	SW	SU	Sunny	0	0	4	05:37:00+00:00	16:30:00+00:00	D	6	9	7	day	0	1	False	
0.0.3	2026-05-12 22:15:41.487631+00:00	2026-05-13 15:00:00+00:00	Wednesday	19	5	0.0	4778	2	0	0	0	0	46	8	1016	13	222	SW	SU	Sunny	0	0	4	05:37:00+00:00	16:30:00+00:00	D	8	9	7	day	0	2	False	
0.0.3	2026-05-12 22:15:41.487631+00:00	2026-05-13 16:00:00+00:00	Wednesday	17	5	0.0	4737	2	0	0	0	0	55	4	1017	13	217	SW	SU	Sunny	0	0	4	05:37:00+00:00	16:30:00+00:00	N	8	8	7	naut	0	3	False	
0.0.3	2026-05-12 22:15:41.487631+00:00	2026-05-13 17:00:00+00:00	Wednesday	16	5	0.0	4778	1	0	0	0	0	60	4	1019	15	201	SSW	SU	Sunny	0	0	4	05:37:00+00:00	16:30:00+00:00	N	8	9	7	night	0	3	True	
0.0.3	2026-05-12 22:15:41.487631+00:00	2026-05-13 18:00:00+00:00	Wednesday	15	6	0.0	4783	1	0	0	0	0	67	6	1020	15	166	SSE	SU	Sunny	0	0	4	05:37:00+00:00	16:30:00+00:00	N	8	9	7	night	0	3	True	
0.0.3	2026-05-12 22:15:41.487631+00:00	2026-05-13 19:00:00+00:00	Wednesday	14	6	0.0	4843	0	0	0	0	0	74	6	1021	13	150	SSE	SU	Sunny	0	0	4	05:37:00+00:00	16:30:00+00:00	N	8	9	7	night	0	3	True	
0.0.3	2026-05-12 22:15:41.487631+00:00	2026-05-13 20:00:00+00:00	Wednesday	14	6	0.0	4846	0	0	0	0	0	77	4	1021	11	146	SE	SU	Sunny	0	0	4	05:37:00+00:00	16:30:00+00:00	N	8	9	7	night	0	5	True	
0.0.3	2026-05-12 22:15:41.487631+00:00	2026-05-13 21:00:00+00:00	Wednesday	13	6	0.0	4856	0	0	0	0	0	79	4	1021	13	135	SE	SU	Sunny	0	0	4	05:37:00+00:00	16:30:00+00:00	N	8	9	7	night	0	5	True	
0.0.3	2026-05-12 22:15:41.487631+00:00	2026-05-13 22:00:00+00:00	Wednesday	12	5	0.0	4814	0	0	0	0	0	81	2	1022	13	133	SE	SU	Sunny	0	0	4	05:37:00+00:00	16:30:00+00:00	N	8	8	7	night	0	5	True	
0.0.3	2026-05-12 22:15:41.487631+00:00	2026-05-13 23:00:00+00:00	Wednesday	12	5	0.0	4780	0	0	0	0	0	83	2	1022	8	111	ESE	SU	Sunny	0	0	4	05:37:00+00:00	16:30:00+00:00	N	8	8	7	night	0	5	True	
0.0.3	2026-05-12 22:15:41.487631+00:00	2026-05-14 00:00:00+00:00	Thursday	11	5	0.0	4728	0	0	0	0	0	84	0	1022	6	89	E	SU	Sunny	0	0	5	05:37:00+00:00	16:30:00+00:00	N	8	8	7	night	0	5	True	
0.0.3	2026-05-12 22:15:41.487631+00:00	2026-05-14 01:00:00+00:00	Thursday	11	5	0.0	4680	0	0	0	0	0	85	0	1022	4	130	SE	SU	Sunny	0	0	5	05:37:00+00:00	16:30:00+00:00	N	8	8	7	night	0	6	True	
0.0.3	2026-05-12 22:15:41.487631+00:00	2026-05-14 02:00:00+00:00	Thursday	11	5	0.0	4668	0	0	0	0	0	85	0	1022	4	177	S	SU	Sunny	0	0	5	05:37:00+00:00	16:30:00+00:00	N	8	8	7	night	21	6	False	
0.0.3	2026-05-12 22:15:41.487631+00:00	2026-05-14 03:00:00+00:00	Thursday	10	5	0.0	4645	0	0	0	0	0	85	0	1022	4	161	SSE	SU	Sunny	0	0	5	05:37:00+00:00	16:30:00+00:00	N	8	8	7	night	21	6	False	
0.0.3	2026-05-12 22:15:41.487631+00:00	2026-05-14 04:00:00+00:00	Thursday	10	4	0.0	4641	0	0	0	0	0	85	2	1023	4	135	SE	SU	Sunny	0	0	5	05:37:00+00:00	16:30:00+00:00	N	8	8	7	naut	21	6	False	
0.0.3	2026-05-12 22:15:41.487631+00:00	2026-05-14 05:00:00+00:00	Thursday	10	5	0.0	4681	0	0	0	0	0	85	2	1024	4	100	E	SU	Sunny	0	0	5	05:37:00+00:00	16:30:00+00:00	N	8	9	7	day	20	6	False	
0.0.3	2026-05-12 22:15:41.487631+00:00	2026-05-14 06:00:00+00:00	Thursday	12	5	0.0	4697	0	0	0	0	0	72	2	1024	4	105	ESE	SU	Sunny	0	0	5	05:37:00+00:00	16:30:00+00:00	D	8	9	7	day	20	4	False	
0.0.3	2026-05-12 22:15:41.487631+00:00	2026-05-14 07:00:00+00:00	Thursday	15	5	0.0	4701	2	0	0	0	0	62	2	1023	2	116	ESE	SU	Sunny	0	0	5	05:37:00+00:00	16:30:00+00:00	D	8	9	7	day	20	3	False	
0.0.3	2026-05-12 22:15:41.487631+00:00	2026-05-14 08:00:00+00:00	Thursday	16	5	0.0	4673	3	0	0	0	0	55	2	1022	2	110	ESE	SU	Sunny	0	0	5	05:37:00+00:00	16:30:00+00:00	D	8	9	7	day	19	3	False	
0.0.3	2026-05-12 22:15:41.487631+00:00	2026-05-14 09:00:00+00:00	Thursday	18	5	0.0	4669	3	0	0	0	0	50	0	1020	2	83	E	SU	Sunny	0	0	5	05:37:00+00:00	16:30:00+00:00	D	8	8	7	day	19	3	False	
0.0.3	2026-05-12 22:15:41.487631+00:00	2026-05-14 10:00:00+00:00	Thursday	19	5	0.0	4631	4	0	0	0	0	45	0	1019	2	342	NNW	SU	Sunny	0	0	5	05:37:00+00:00	16:30:00+00:00	D	8	8	7	day	19	3	False	
0.0.3	2026-05-12 22:15:41.487631+00:00	2026-05-14 11:00:00+00:00	Thursday	20	5	0.0	4613	4	0	0	0	0	40	0	1018	4	288	WNW	SU	Sunny	0	0	5	05:37:00+00:00	16:30:00+00:00	D	8	8	7	day	18	3	False	
0.0.3	2026-05-12 22:15:41.487631+00:00	2026-05-14 12:00:00+00:00	Thursday	21	4	0.0	4627	4	0	0	0	0	37	2	1017	4	281	W	SU	Sunny	0	0	5	05:37:00+00:00	16:30:00+00:00	D	8	9	7	day	18	3	False	
0.0.3	2026-05-12 22:15:41.487631+00:00	2026-05-14 13:00:00+00:00	Thursday	20	4	0.0	4613	4	0	0	0	0	34	2	1016	6	282	WNW	SU	Sunny	0	0	5	05:37:00+00:00	16:30:00+00:00	D	8	9	7	day	18	3	False	
0.0.3	2026-05-12 22:15:41.487631+00:00	2026-05-14 14:00:00+00:00	Thursday	21	3	0.0	4589	3	0	0	0	0	34	2	1016	4	271	W	SU	Sunny	0	0	5	05:37:00+00:00	16:30:00+00:00	D	8	9	7	day	0	3	False	
0.0.3	2026-05-12 22:15:41.487631+00:00	2026-05-14 15:00:00+00:00	Thursday	19	5	0.0	4559	2	0	0	0	0	42	2	1016	6	220	SW	SU	Sunny	0	0	5	05:37:00+00:00	16:30:00+00:00	D	8	9	8	day	0	3	False	
0.0.3	2026-05-12 22:15:41.487631+00:00	2026-05-14 16:00:00+00:00	Thursday	17	3	0.0	4474	2	0	0	0	0	46	4	1018	8	192	SSW	SU	Sunny	0	0	5	05:37:00+00:00	16:30:00+00:00	N	8	9	7	naut	0	3	False	
0.0.3	2026-05-12 22:15:41.487631+00:00	2026-05-14 17:00:00+00:00	Thursday	16	3	0.0	4454	1	0	0	0	0	49	2	1019	6	148	SSE	SU	Sunny	0	0	5	05:37:00+00:00	16:30:00+00:00	N	8	9	8	night	0	3	True	
0.0.3	2026-05-12 22:15:41.487631+00:00	2026-05-14 18:00:00+00:00	Thursday	15	3	0.0	4549	1	0	0	0	0	49	4	1019	2	136	SE	SU	Sunny	0	0	5	05:37:00+00:00	16:30:00+00:00	N	8	9	8	night	0	3	True	
0.0.3	2026-05-12 22:15:41.487631+00:00	2026-05-14 19:00:00+00:00	Thursday	15	3	0.0	4549	0	0	0	0	0	52	4	1020	2	151	SSE	SU	Sunny	0	0	5	05:37:00+00:00	16:30:00+00:00	N	8	9	8	night	0	3	True	
0.0.3	2026-05-12 22:15:41.487631+00:00	2026-05-14 20:00:00+00:00	Thursday	15	4	0.0	4541	0	0	0	0	0	59	0	1020	2	90	E	FA	Fair	0	0	5	05:37:00+00:00	16:30:00+00:00	N	8	9	8	night	0	3	True	
0.0.3	2026-05-12 22:15:41.487631+00:00	2026-05-14 21:00:00+00:00	Thursday	14	4	0.0	4571	0	11	0	4	7	60	2	1021	11	75	ENE	PC	Partly Cloudy	0	0	5	05:37:00+00:00	16:30:00+00:00	N	3	9	8	night	0	3	False	
0.0.3	2026-05-12 22:15:41.487631+00:00	2026-05-14 22:00:00+00:00	Thursday	13	3	0.0	4529	0	10	0	6	3	60	2	1021	11	107	ESE	PC	Partly Cloudy	0	0	5	05:37:00+00:00	16:30:00+00:00	N	8	9	8	night	0	3	True	
0.0.3	2026-05-12 22:15:41.487631+00:00	2026-05-14 23:00:00+00:00	Thursday	13	3	0.0	4516	0	10	0	6	4	60	2	1021	6	83	E	PC	Partly Cloudy	0	0	5	05:37:00+00:00	16:30:00+00:00	N	8	9	8	night	0	3	True	
0.0.3	2026-05-12 22:15:41.487631+00:00	2026-05-15 00:00:00+00:00	Friday	12	3	0.0	4486	0	9	0	6	7	61	2	1021	4	46	NE	PC	Partly Cloudy	0	0	6	05:38:00+00:00	16:29:00+00:00	N	8	9	8	night	0	3	True	
0.0.3	2026-05-12 22:15:41.487631+00:00	2026-05-15 01:00:00+00:00	Friday	12	3	0.0	4450	0	7	0	7	6	61	2	1021	4	29	NNE	PC	Partly Cloudy	0	0	6	05:38:00+00:00	16:29:00+00:00	N	8	9	8	night	0	3	True	
0.0.3	2026-05-12 22:15:41.487631+00:00	2026-05-15 02:00:00+00:00	Friday	11	3	0.0	4447	0	6	0	6	6	62	2	1021	4	20	NNE	PC	Partly Cloudy	0	0	6	05:38:00+00:00	16:29:00+00:00	N	8	9	8	night	0	3	True	
0.0.3	2026-05-12 22:15:41.487631+00:00	2026-05-15 03:00:00+00:00	Friday	11	2	0.0	4519	0	8	0	8	6	61	2	1021	2	22	NNE	PC	Partly Cloudy	0	0	6	05:38:00+00:00	16:29:00+00:00	N	8	9	7	night	13	3	False	
0.0.3	2026-05-12 22:15:41.487631+00:00	2026-05-15 04:00:00+00:00	Friday	11	2	0.0	4618	0	2	0	2	0	61	4	1022	2	17	NNE	PC	Partly Cloudy	0	0	6	05:38:00+00:00	16:29:00+00:00	N	8	9	7	naut	13	3	False	
0.0.3	2026-05-12 22:15:41.487631+00:00	2026-05-15 05:00:00+00:00	Friday	11	1	0.0	4607	0	0	0	0	0	60	2	1023	2	15	NNE	FA	Fair	0	0	6	05:38:00+00:00	16:29:00+00:00	N	8	9	7	day	13	3	False	
0.0.3	2026-05-12 22:15:41.487631+00:00	2026-05-15 06:00:00+00:00	Friday	13	2	0.0	4519	0	0	0	0	0	51	2	1023	2	8	N	FA	Fair	0	0	6	05:38:00+00:00	16:29:00+00:00	D	8	9	7	day	12	3	False	
0.0.3	2026-05-12 22:15:41.487631+00:00	2026-05-15 07:00:00+00:00	Friday	15	4	0.0	4496	2	0	0	0	0	51	4	1022	2	337	NNW	SU	Sunny	0	0	6	05:38:00+00:00	16:29:00+00:00	D	8	9	7	day	12	3	False	
0.0.3	2026-05-12 22:15:41.487631+00:00	2026-05-15 08:00:00+00:00	Friday	17	6	0.0	4479	3	0	0	0	0	49	4	1021	2	318	NW	SU	Sunny	0	0	6	05:38:00+00:00	16:29:00+00:00	D	8	9	7	day	12	3	False	
0.0.3	2026-05-12 22:15:41.487631+00:00	2026-05-15 09:00:00+00:00	Friday	18	5	0.0	4477	3	0	0	0	0	42	4	1020	4	300	WNW	SU	Sunny	0	0	6	05:38:00+00:00	16:29:00+00:00	D	8	9	7	day	11	3	False	
0.0.3	2026-05-12 22:15:41.487631+00:00	2026-05-15 10:00:00+00:00	Friday	20	4	0.0	4475	4	0	0	0	0	37	4	1019	4	291	WNW	SU	Sunny	0	0	6	05:38:00+00:00	16:29:00+00:00	D	8	9	7	day	11	3	False	
0.0.3	2026-05-12 22:15:41.487631+00:00	2026-05-15 11:00:00+00:00	Friday	20	4	0.0	4448	4	0	0	0	0	34	4	1017	4	275	W	SU	Sunny	0	0	6	05:38:00+00:00	16:29:00+00:00	D	8	8	7	day	11	3	False	
0.0.3	2026-05-12 22:15:41.487631+00:00	2026-05-15 12:00:00+00:00	Friday	21	3	0.0	4383	4	0	0	0	0	31	4	1016	6	250	WSW	SU	Sunny	0	0	6	05:38:00+00:00	16:29:00+00:00	D	8	8	7	day	10	3	False	
0.0.3	2026-05-12 22:15:41.487631+00:00	2026-05-15 13:00:00+00:00	Friday	21	2	0.0	4313	4	0	0	0	0	29	4	1016	6	222	SW	SU	Sunny	0	0	6	05:38:00+00:00	16:29:00+00:00	D	8	8	7	day	10	3	False	
0.0.3	2026-05-12 22:15:41.487631+00:00	2026-05-15 14:00:00+00:00	Friday	21	2	0.0	4243	3	4	3	1	0	28	4	1015	6	200	SSW	SU	Sunny	0	0	6	05:38:00+00:00	16:29:00+00:00	D	8	8	7	day	10	3	False	
0.0.3	2026-05-12 22:15:41.487631+00:00	2026-05-15 15:00:00+00:00	Friday	20	3	0.0	4223	2	9	9	2	0	36	4	1016	6	171	S	SU	Sunny	0	0	6	05:38:00+00:00	16:29:00+00:00	D	8	8	7	day	0	3	False	
0.0.3	2026-05-12 22:15:41.487631+00:00	2026-05-15 16:00:00+00:00	Friday	17	2	0.0	4254	2	13	12	0	0	38	4	1018	8	166	SSE	SU	Sunny	0	0	6	05:38:00+00:00	16:29:00+00:00	N	3	8	7	naut	0	3	False	
0.0.3	2026-05-12 22:15:41.487631+00:00	2026-05-15 17:00:00+00:00	Friday	17	1	0.0	4300	1	2	1	0	0	39	6	1019	6	162	SSE	SU	Sunny	0	0	6	05:38:00+00:00	16:29:00+00:00	N	8	8	8	night	0	2	True	
0.0.3	2026-05-12 22:15:41.487631+00:00	2026-05-15 18:00:00+00:00	Friday	16	1	0.0	4326	1	0	0	0	0	40	4	1020	4	158	SSE	SU	Sunny	0	0	6	05:38:00+00:00	16:29:00+00:00	N	8	8	8	night	0	3	True	
0.0.3	2026-05-12 22:15:41.487631+00:00	2026-05-15 19:00:00+00:00	Friday	15	1	0.0	4361	0	0	0	0	0	43	4	1020	0	149	SSE	SU	Sunny	0	0	6	05:38:00+00:00	16:29:00+00:00	N	8	8	8	night	0	3	True	
0.0.3	2026-05-12 22:15:41.487631+00:00	2026-05-15 20:00:00+00:00	Friday	15	1	0.0	4363	0	0	0	0	0	46	2	1021	0	123	ESE	SU	Sunny	0	0	6	05:38:00+00:00	16:29:00+00:00	N	8	8	8	night	0	3	True	
0.0.3	2026-05-12 22:15:41.487631+00:00	2026-05-15 21:00:00+00:00	Friday	14	1	0.0	4366	0	0	0	0	0	48	2	1021	0	101	E	SU	Sunny	0	0	6	05:38:00+00:00	16:29:00+00:00	N	8	8	8	night	0	3	True	
0.0.3	2026-05-12 22:15:41.487631+00:00	2026-05-15 22:00:00+00:00	Friday	14	1	0.0	4352	0	0	0	0	0	50	2	1021	0	108	ESE	SU	Sunny	0	0	6	05:38:00+00:00	16:29:00+00:00	N	8	8	7	night	0	3	True	
0.0.3	2026-05-12 22:15:41.487631+00:00	2026-05-15 23:00:00+00:00	Friday	14	1	0.0	4344	0	0	0	0	0	51	0	1021	0	106	ESE	SU	Sunny	1	0	6	05:38:00+00:00	16:29:00+00:00	N	8	8	8	night	0	3	True	
0.0.3	2026-05-12 22:15:41.487631+00:00	2026-05-16 00:00:00+00:00	Saturday	14	1	0.0	4340	0	0	0	0	0	51	2	1022	2	105	ESE	SU	Sunny	2	0	7	05:38:00+00:00	16:29:00+00:00	N	8	8	8	night	0	3	True	
0.0.3	2026-05-12 22:15:41.487631+00:00	2026-05-16 01:00:00+00:00	Saturday	13	0	0.0	4345	0	0	0	0	0	51	2	1022	2	92	E	SU	Sunny	4	0	7	05:38:00+00:00	16:29:00+00:00	N	8	8	8	night	0	3	True	
0.0.3	2026-05-12 22:15:41.487631+00:00	2026-05-16 02:00:00+00:00	Saturday	13	0	0.0	4343	0	0	0	0	0	52	2	1022	2	89	E	SU	Sunny	2	0	7	05:38:00+00:00	16:29:00+00:00	N	8	8	8	night	0	3	True	
0.0.3	2026-05-12 22:15:41.487631+00:00	2026-05-16 03:00:00+00:00	Saturday	13	0	0.0	4353	0	0	0	0	0	53	2	1022	2	94	E	SU	Sunny	1	0	7	05:38:00+00:00	16:29:00+00:00	N	8	8	8	night	0	3	True	
0.0.3	2026-05-12 22:15:41.487631+00:00	2026-05-16 04:00:00+00:00	Saturday	12	0	0.0	4355	0	0	0	0	0	55	2	1023	2	94	E	SU	Sunny	0	0	7	05:38:00+00:00	16:29:00+00:00	N	8	8	8	naut	0	3	False	
0.0.3	2026-05-12 22:15:41.487631+00:00	2026-05-16 05:00:00+00:00	Saturday	12	1	0.0	4367	0	0	0	0	0	58	2	1024	2	95	E	SU	Sunny	0	0	7	05:38:00+00:00	16:29:00+00:00	N	8	9	8	day	5	3	False	
0.0.3	2026-05-12 22:15:41.487631+00:00	2026-05-16 06:00:00+00:00	Saturday	14	2	0.0	4358	0	0	0	0	0	49	2	1024	2	85	E	SU	Sunny	0	0	7	05:38:00+00:00	16:29:00+00:00	D	8	9	8	day	5	3	False	
0.0.3	2026-05-12 22:15:41.487631+00:00	2026-05-16 07:00:00+00:00	Saturday	16	2	0.0	4314	2	0	0	0	0	43	2	1023	2	73	ENE	SU	Sunny	0	0	7	05:38:00+00:00	16:29:00+00:00	D	8	9	8	day	4	3	False	
0.0.3	2026-05-12 22:15:41.487631+00:00	2026-05-16 08:00:00+00:00	Saturday	18	2	0.0	4286	3	0	0	0	0	38	2	1022	2	57	ENE	SU	Sunny	0	0	7	05:38:00+00:00	16:29:00+00:00	D	8	9	8	day	4	3	False	
0.0.3	2026-05-12 22:15:41.487631+00:00	2026-05-16 09:00:00+00:00	Saturday	19	3	0.0	4257	3	0	0	0	0	34	2	1020	2	38	NE	SU	Sunny	0	0	7	05:38:00+00:00	16:29:00+00:00	D	8	9	8	day	4	3	False	
0.0.3	2026-05-12 22:15:41.487631+00:00	2026-05-16 10:00:00+00:00	Saturday	20	2	0.0	4219	4	0	0	0	0	31	2	1019	2	11	N	SU	Sunny	0	0	7	05:38:00+00:00	16:29:00+00:00	D	8	9	8	day	3	3	False	
0.0.3	2026-05-12 22:15:41.487631+00:00	2026-05-16 11:00:00+00:00	Saturday	21	2	0.0	4210	4	0	0	0	0	28	0	1018	2	317	NW	SU	Sunny	0	0	7	05:38:00+00:00	16:29:00+00:00	D	8	9	8	day	3	3	False	
0.0.3	2026-05-12 22:15:41.487631+00:00	2026-05-16 12:00:00+00:00	Saturday	21	1	0.0	4202	4	0	0	0	0	26	2	1017	2	260	W	SU	Sunny	0	0	7	05:38:00+00:00	16:29:00+00:00	D	8	9	8	day	3	3	False	
0.0.3	2026-05-12 22:15:41.487631+00:00	2026-05-16 13:00:00+00:00	Saturday	21	1	0.0	4196	4	1	1	0	0	25	2	1016	2	236	SW	SU	Sunny	0	0	7	05:38:00+00:00	16:29:00+00:00	D	8	9	8	day	2	3	False	
0.0.3	2026-05-12 22:15:41.487631+00:00	2026-05-16 14:00:00+00:00	Saturday	21	0	0.0	4177	3	3	3	0	0	25	2	1016	2	215	SW	SU	Sunny	0	0	7	05:38:00+00:00	16:29:00+00:00	D	8	9	8	day	2	3	False	
0.0.3	2026-05-12 22:15:41.487631+00:00	2026-05-16 15:00:00+00:00	Saturday	20	2	0.0	4171	2	16	15	2	0	33	4	1017	4	186	S	SU	Sunny	0	0	7	05:38:00+00:00	16:29:00+00:00	D	3	9	8	day	0	3	False	
0.0.3	2026-05-12 22:15:41.487631+00:00	2026-05-16 16:00:00+00:00	Saturday	18	1	0.0	4147	2	13	10	5	0	35	4	1018	8	167	SSE	SU	Sunny	0	0	7	05:38:00+00:00	16:29:00+00:00	N	3	9	8	naut	0	3	False	
0.0.3	2026-05-12 22:15:41.487631+00:00	2026-05-16 17:00:00+00:00	Saturday	17	0	0.0	4133	1	14	7	11	0	36	4	1019	8	138	SE	SU	Sunny	0	0	7	05:38:00+00:00	16:29:00+00:00	N	3	9	8	night	0	3	False	
0.0.3	2026-05-12 22:15:41.487631+00:00	2026-05-16 18:00:00+00:00	Saturday	16	0	0.0	4100	1	18	13	14	0	37	4	1020	6	109	ESE	SU	Sunny	0	0	7	05:38:00+00:00	16:29:00+00:00	N	3	9	8	night	0	3	False	
0.0.3	2026-05-12 22:15:41.487631+00:00	2026-05-16 19:00:00+00:00	Saturday	16	0	0.0	4040	0	16	16	14	0	38	4	1020	4	103	ESE	SU	Sunny	0	0	7	05:38:00+00:00	16:29:00+00:00	N	3	9	7	night	0	3	False	
0.0.3	2026-05-12 22:15:41.487631+00:00	2026-05-16 20:00:00+00:00	Saturday	16	0	0.0	3681	0	23	23	13	0	41	2	1020	2	80	E	SU	Sunny	0	0	7	05:38:00+00:00	16:29:00+00:00	N	3	9	7	night	0	3	False	
0.0.3	2026-05-12 22:15:41.487631+00:00	2026-05-16 21:00:00+00:00	Saturday	16	1	0.0	3649	0	22	22	0	0	44	4	1021	6	11	N	SU	Sunny	0	0	7	05:38:00+00:00	16:29:00+00:00	N	3	9	7	night	0	3	False	
0.0.3	2026-05-12 22:15:41.487631+00:00	2026-05-16 22:00:00+00:00	Saturday	14	1	0.0	3646	0	2	2	0	0	47	2	1021	8	53	NE	SU	Sunny	0	0	7	05:38:00+00:00	16:29:00+00:00	N	8	9	7	night	0	3	True	
0.0.3	2026-05-12 22:15:41.487631+00:00	2026-05-16 23:00:00+00:00	Saturday	13	1	0.0	3610	0	3	3	0	0	49	4	1021	4	38	NE	SU	Sunny	0	0	7	05:38:00+00:00	16:29:00+00:00	N	8	9	7	night	0	3	True	
0.0.3	2026-05-12 22:15:41.487631+00:00	2026-05-17 00:00:00+00:00	Sunday	13	3	0.0	3588	0	3	3	0	0	55	4	1021	6	26	NNE	SU	Sunny	0	0	1	05:39:00+00:00	16:28:00+00:00	N	8	8	7	night	0	3	True	
0.0.3	2026-05-12 22:15:41.487631+00:00	2026-05-17 01:00:00+00:00	Sunday	12	3	0.1	3575	0	3	3	0	0	60	2	1022	6	10	N	FA	Fair	0	0	1	05:39:00+00:00	16:28:00+00:00	N	8	8	7	night	0	3	True	
0.0.3	2026-05-12 22:15:41.487631+00:00	2026-05-17 02:00:00+00:00	Sunday	12	3	0.0	3558	0	2	1	0	0	62	0	1022	6	37	NE	SU	Sunny	0	0	1	05:39:00+00:00	16:28:00+00:00	N	8	8	7	night	0	3	True	
0.0.3	2026-05-12 22:15:41.487631+00:00	2026-05-17 03:00:00+00:00	Sunday	11	3	0.0	3543	0	0	0	0	0	62	4	1022	6	33	NNE	SU	Sunny	0	0	1	05:39:00+00:00	16:28:00+00:00	N	8	8	7	night	0	3	True	
0.0.3	2026-05-12 22:15:41.487631+00:00	2026-05-17 04:00:00+00:00	Sunday	11	4	0.0	3531	0	6	0	0	6	65	4	1023	6	28	NNE	SU	Sunny	0	0	1	05:39:00+00:00	16:28:00+00:00	N	8	8	7	naut	0	4	False	
0.0.3	2026-05-12 22:15:41.487631+00:00	2026-05-17 05:00:00+00:00	Sunday	11	4	0.0	3516	0	58	0	0	58	66	4	1023	4	21	NNE	FA	Fair	0	0	1	05:39:00+00:00	16:28:00+00:00	N	1	8	7	day	0	4	False	
0.0.3	2026-05-12 22:15:41.487631+00:00	2026-05-17 06:00:00+00:00	Sunday	13	5	0.0	3544	0	92	0	0	92	61	4	1023	6	10	N	SU	Sunny	0	0	1	05:39:00+00:00	16:28:00+00:00	D	0	8	7	day	3	3	False	
0.0.3	2026-05-12 22:15:41.487631+00:00	2026-05-17 07:00:00+00:00	Sunday	14	6	0.0	4214	2	19	0	0	19	53	6	1022	11	338	NNW	SU	Sunny	4	0	1	05:39:00+00:00	16:28:00+00:00	D	3	8	7	day	4	2	False	
0.0.3	2026-05-12 22:15:41.487631+00:00	2026-05-17 08:00:00+00:00	Sunday	16	6	0.0	4172	3	1	0	0	1	48	6	1021	6	326	NW	SU	Sunny	4	0	1	05:39:00+00:00	16:28:00+00:00	D	8	8	7	day	4	2	False	
0.0.3	2026-05-12 22:15:41.487631+00:00	2026-05-17 09:00:00+00:00	Sunday	18	6	0.0	4115	3	2	0	0	2	43	6	1020	6	315	NW	SU	Sunny	0	0	1	05:39:00+00:00	16:28:00+00:00	D	8	8	7	day	4	2	False	
0.0.3	2026-05-12 22:15:41.487631+00:00	2026-05-17 10:00:00+00:00	Sunday	19	6	0.0	3924	4	5	3	0	5	38	6	1018	4	304	WNW	FA	Fair	4	0	1	05:39:00+00:00	16:28:00+00:00	D	8	8	7	day	5	2	False	
0.0.3	2026-05-12 22:15:41.487631+00:00	2026-05-17 11:00:00+00:00	Sunday	20	5	0.0	3549	4	88	86	0	11	34	4	1017	4	287	WNW	FA	Fair	3	0	1	05:39:00+00:00	16:28:00+00:00	D	0	8	7	day	5	3	False	
0.0.3	2026-05-12 22:15:41.487631+00:00	2026-05-17 12:00:00+00:00	Sunday	20	4	0.0	3601	4	98	97	41	3	31	4	1016	4	269	W	HZ		0	0	1	05:39:00+00:00	16:28:00+00:00	D	0	8	7	day	5	3	False	
0.0.3	2026-05-12 22:15:41.487631+00:00	2026-05-17 15:00:00+00:00	Sunday	18	5	0.0	3646	2	99	94	99	0	41	0	1016	4	183	S	PC	Partly Cloudy	0	0	1	05:39:00+00:00	16:28:00+00:00	D	0	7	7	day	6	3	False	
0.0.3	2026-05-12 22:15:41.487631+00:00	2026-05-17 18:00:00+00:00	Sunday	17	4	0.0	3621	1	100	83	100	0	41	2	1019	4	50	NE	CL	Cloudy	0	0	1	05:39:00+00:00	16:28:00+00:00	N	0	8	6	night	0	3	False	
0.0.3	2026-05-12 22:15:41.487631+00:00	2026-05-17 21:00:00+00:00	Sunday	17	4	0.0	3621	0	92	50	91	0	45	2	1019	4	20	NNE	FA	Fair	0	0	1	05:39:00+00:00	16:28:00+00:00	N	0	7	7	night	0	3	False	
0.0.3	2026-05-12 22:15:41.487631+00:00	2026-05-18 00:00:00+00:00	Monday	16	4	0.0	3576	0	75	41	75	0	55	2	1019	4	354	N	FA	Fair	0	0	2	05:39:00+00:00	16:28:00+00:00	N	1	7	6	night	0	3	False	
0.0.3	2026-05-12 22:15:41.487631+00:00	2026-05-18 03:00:00+00:00	Monday	14	4	0.0	3544	0	76	48	76	0	55	4	1019	2	314	NW	FA	Fair	0	0	2	05:39:00+00:00	16:28:00+00:00	N	1	8	7	night	0	3	False	
0.0.3	2026-05-12 22:15:41.487631+00:00	2026-05-18 06:00:00+00:00	Monday	15	5	0.0	3501	0	92	60	92	0	54	2	1021	2	268	W	FA	Fair	0	0	2	05:39:00+00:00	16:28:00+00:00	D	0	7	7	day	0	3	False	
0.0.3	2026-05-12 22:15:41.487631+00:00	2026-05-18 09:00:00+00:00	Monday	18	5	0.0	3555	3	26	4	26	4	37	4	1018	4	247	WSW	SU	Sunny	0	0	2	05:39:00+00:00	16:28:00+00:00	D	2	7	7	day	12	3	False	
0.0.3	2026-05-12 22:15:41.487631+00:00	2026-05-18 12:00:00+00:00	Monday	21	1	0.0	3602	4	93	27	92	5	25	4	1014	6	239	WSW	FA	Fair	0	0	2	05:39:00+00:00	16:28:00+00:00	D	0	7	7	day	13	3	False	
0.0.3	2026-05-12 22:15:41.487631+00:00	2026-05-18 15:00:00+00:00	Monday	19	2	0.0	3658	2	94	0	11	94	31	2	1014	8	205	SSW	SU	Sunny	0	0	2	05:39:00+00:00	16:28:00+00:00	D	0	7	7	day	14	3	False	
0.0.3	2026-05-12 22:15:41.487631+00:00	2026-05-18 18:00:00+00:00	Monday	16	1	0.0	3710	1	99	0	4	99	39	2	1017	0	129	SE	SU	Sunny	0	0	2	05:39:00+00:00	16:28:00+00:00	N	0	7	7	night	0	3	False	
0.0.3	2026-05-12 22:15:41.487631+00:00	2026-05-18 21:00:00+00:00	Monday	15	0	0.0	3654	0	7	0	0	7	39	2	1018	0	53	NE	HZ		10	0	2	05:39:00+00:00	16:28:00+00:00	N	8	7	7	night	0	3	True	
0.0.3	2026-05-12 22:15:41.487631+00:00	2026-05-19 00:00:00+00:00	Tuesday	14	0	0.0	3653	0	11	0	0	11	45	2	1018	0	309	NW	SU	Sunny	10	0	3	05:40:00+00:00	16:27:00+00:00	N	3	9	8	night	0	3	False	
0.0.3	2026-05-12 22:15:41.487631+00:00	2026-05-19 03:00:00+00:00	Tuesday	13	0	0.0	3670	0	0	0	0	0	49	2	1019	2	358	N	SU	Sunny	4	0	3	05:40:00+00:00	16:27:00+00:00	N	8	9	7	night	0	3	True	
0.0.3	2026-05-12 22:15:41.487631+00:00	2026-05-19 06:00:00+00:00	Tuesday	15	1	0.0	3646	0	0	0	0	0	44	2	1020	0	2	N	SU	Sunny	4	0	3	05:40:00+00:00	16:27:00+00:00	D	8	9	7	day	0	3	False	
0.0.3	2026-05-12 22:15:41.487631+00:00	2026-05-19 09:00:00+00:00	Tuesday	20	2	0.0	3653	3	0	0	0	0	30	4	1017	4	295	WNW	SU	Sunny	4	0	3	05:40:00+00:00	16:27:00+00:00	D	8	9	7	day	20	3	False	
0.0.3	2026-05-12 22:15:41.487631+00:00	2026-05-19 12:00:00+00:00	Tuesday	22	0	0.0	3700	4	2	0	2	0	22	4	1014	6	239	WSW	SU	Sunny	4	0	3	05:40:00+00:00	16:27:00+00:00	D	8	9	7	day	21	3	False	
0.0.3	2026-05-12 22:15:41.487631+00:00	2026-05-19 15:00:00+00:00	Tuesday	21	2	0.0	3732	2	49	0	49	0	31	4	1015	6	208	SSW	FA	Fair	0	0	3	05:40:00+00:00	16:27:00+00:00	D	2	9	7	day	22	3	False	
0.0.3	2026-05-12 22:15:41.487631+00:00	2026-05-19 18:00:00+00:00	Tuesday	17	1	0.0	3708	1	2	0	2	0	40	2	1018	2	194	SSW	SU	Sunny	4	0	3	05:40:00+00:00	16:27:00+00:00	N	8	9	8	night	23	3	False	
0.0.3	2026-05-12 22:15:41.487631+00:00	2026-05-19 21:00:00+00:00	Tuesday	15	1	0.0	3718	0	2	0	2	0	46	0	1019	0	310	NW	SU	Sunny	4	0	3	05:40:00+00:00	16:27:00+00:00	N	8	8	7	night	0	3	True	
0.0.3	2026-05-12 22:15:41.487631+00:00	2026-05-20 00:00:00+00:00	Wednesday	14	0	0.0	3672	0	1	0	0	0	43	2	1020	0	312	NW	FA	Fair	4	0	4	05:41:00+00:00	16:27:00+00:00	N	8	8	7	night	0	3	True	
0.0.3	2026-05-12 22:15:41.487631+00:00	2026-05-20 03:00:00+00:00	Wednesday	13	1	0.0	3599	0	4	0	4	0	56	0	1020	2	223	SW	FA	Fair	4	0	4	05:41:00+00:00	16:27:00+00:00	N	8	8	8	night	0	3	True	
0.0.3	2026-05-12 22:15:41.487631+00:00	2026-05-20 06:00:00+00:00	Wednesday	15	2	0.0	4086	0	98	0	0	98	48	0	1022	0	61	ENE	HZ		4	0	4	05:41:00+00:00	16:27:00+00:00	D	0	8	8	day	0	3	False	
0.0.3	2026-05-12 22:15:41.487631+00:00	2026-05-20 09:00:00+00:00	Wednesday	20	1	0.0	4008	3	1	0	0	1	29	0	1019	2	158	SSE	SU	Sunny	0	0	4	05:41:00+00:00	16:27:00+00:00	D	8	7	8	day	28	3	False	
0.0.3	2026-05-12 22:15:41.487631+00:00	2026-05-20 12:00:00+00:00	Wednesday	22	-1	0.0	3759	4	2	0	0	2	22	4	1016	4	218	SW	SU	Sunny	4	0	4	05:41:00+00:00	16:27:00+00:00	D	8	8	8	day	29	3	False	
0.0.3	2026-05-12 22:15:41.487631+00:00	2026-05-20 15:00:00+00:00	Wednesday	20	1	0.0	4058	2	55	0	1	55	31	2	1017	4	181	S	SU	Sunny	4	0	4	05:41:00+00:00	16:27:00+00:00	D	1	8	8	day	30	3	False	
0.0.3	2026-05-12 22:15:41.487631+00:00	2026-05-20 18:00:00+00:00	Wednesday	17	-2	0.0	4078	1	14	0	0	14	31	2	1020	2	126	SE	HZ		14	0	4	05:41:00+00:00	16:27:00+00:00	N	3	7	8	night	31	3	False	
0.0.3	2026-05-12 22:15:41.487631+00:00	2026-05-20 21:00:00+00:00	Wednesday	15	-2	0.0	4065	0	49	0	0	49	33	4	1022	0	98	E	HZ		14	0	4	05:41:00+00:00	16:27:00+00:00	N	2	8	8	night	0	3	False	
0.0.3	2026-05-12 22:15:41.487631+00:00	2026-05-21 00:00:00+00:00	Thursday	14	-2	0.0	3694	0	99	0	0	99	40	2	1022	4	35	NE	HZ		14	0	5	05:41:00+00:00	16:26:00+00:00	N	0	7	8	night	0	3	False	
0.0.3	2026-05-12 22:15:41.487631+00:00	2026-05-21 03:00:00+00:00	Thursday	12	-2	0.0	3626	0	100	0	0	100	44	2	1023	4	73	ENE	HZ		4	0	5	05:41:00+00:00	16:26:00+00:00	N	0	7	8	night	0	3	False	
0.0.3	2026-05-12 22:15:41.487631+00:00	2026-05-21 06:00:00+00:00	Thursday	13	1	0.0	3967	0	100	0	0	100	45	2	1025	2	88	E	HZ		0	0	5	05:41:00+00:00	16:26:00+00:00	D	0	7	8	day	0	3	False	
0.0.3	2026-05-12 22:15:41.487631+00:00	2026-05-21 09:00:00+00:00	Thursday	18	0	0.0	4034	3	100	0	0	100	30	4	1022	2	31	NNE	HZ		4	0	5	05:41:00+00:00	16:26:00+00:00	D	0	7	8	day	0	3	False	
0.0.3	2026-05-12 22:15:41.487631+00:00	2026-05-21 12:00:00+00:00	Thursday	20	-1	0.0	3817	3	100	0	0	100	23	0	1019	2	42	NE	HZ		4	0	5	05:41:00+00:00	16:26:00+00:00	D	0	6	8	day	36	3	False	
0.0.3	2026-05-12 22:15:41.487631+00:00	2026-05-21 15:00:00+00:00	Thursday	19	0	0.0	3848	2	100	0	0	100	31	2	1019	2	133	SE	HZ		10	0	5	05:41:00+00:00	16:26:00+00:00	D	0	6	8	day	37	3	False	
0.0.3	2026-05-12 22:15:41.487631+00:00	2026-05-21 18:00:00+00:00	Thursday	16	-1	0.0	3765	1	100	0	0	100	35	2	1022	2	100	E	HZ		14	0	5	05:41:00+00:00	16:26:00+00:00	N	0	6	8	night	38	3	False	
0.0.3	2026-05-12 22:15:41.487631+00:00	2026-05-21 21:00:00+00:00	Thursday	14	0	0.0	3704	0	100	0	0	100	40	2	1023	2	48	NE	PC	Partly Cloudy	14	0	5	05:41:00+00:00	16:26:00+00:00	N	0	6	8	night	0	3	False	
0.0.3	2026-05-12 22:15:41.487631+00:00	2026-05-22 00:00:00+00:00	Friday	13	-1	0.0	3610	0	100	0	0	100	43	4	1024	2	349	N	HZ		4	0	6	05:42:00+00:00	16:26:00+00:00	N	0	6	8	night	0	3	False	
0.0.3	2026-05-12 22:15:41.487631+00:00	2026-05-22 03:00:00+00:00	Friday	12	0	0.0	3665	0	95	0	0	95	52	2	1024	0	9	N	HZ		10	0	6	05:42:00+00:00	16:26:00+00:00	N	0	7	8	night	0	3	False	
0.0.3	2026-05-12 22:15:41.487631+00:00	2026-05-22 06:00:00+00:00	Friday	13	1	0.0	3637	0	93	0	0	93	47	2	1025	0	109	ESE	SU	Sunny	10	0	6	05:42:00+00:00	16:26:00+00:00	D	0	7	7	day	0	3	False	
0.0.3	2026-05-12 22:15:41.487631+00:00	2026-05-22 09:00:00+00:00	Friday	18	1	0.0	3676	3	27	0	0	26	31	2	1023	0	105	ESE	SU	Sunny	4	0	6	05:42:00+00:00	16:26:00+00:00	D	2	7	7	day	0	3	False	
0.0.3	2026-05-12 22:15:41.487631+00:00	2026-05-22 12:00:00+00:00	Friday	20	0	0.0	3553	4	7	1	5	0	24	2	1019	2	177	S	FA	Fair	4	0	6	05:42:00+00:00	16:26:00+00:00	D	8	7	8	day	43	3	False	
0.0.3	2026-05-12 22:15:41.487631+00:00	2026-05-22 15:00:00+00:00	Friday	19	1	0.0	3559	2	7	1	7	0	33	2	1020	4	172	S	PC	Partly Cloudy	10	0	6	05:42:00+00:00	16:26:00+00:00	D	8	7	7	day	44	3	False	
0.0.3	2026-05-12 22:15:41.487631+00:00	2026-05-22 18:00:00+00:00	Friday	15	-1	0.0	3558	1	4	2	4	0	36	0	1022	6	197	SSW	SU	Sunny	10	0	6	05:42:00+00:00	16:26:00+00:00	N	8	7	7	night	45	3	False	
0.0.3	2026-05-12 22:15:41.487631+00:00	2026-05-22 21:00:00+00:00	Friday	14	-1	0.0	3707	0	4	3	3	0	40	2	1024	2	181	S	SU	Sunny	10	0	6	05:42:00+00:00	16:26:00+00:00	N	8	7	8	night	46	3	False	
0.0.3	2026-05-13 22:13:18.721165+00:00	2026-05-13 22:00:00+00:00	Wednesday	12	5	0.0	4880	0	0	0	0	0	78	2	1021	13	129	SE	SU	Sunny	0	0	4	05:37:00+00:00	16:30:00+00:00	N	8	8	7	night	0	5	True	
0.0.3	2026-05-13 22:13:18.721165+00:00	2026-05-13 23:00:00+00:00	Wednesday	12	5	0.0	4849	0	0	0	0	0	79	2	1022	11	134	SE	SU	Sunny	0	0	4	05:37:00+00:00	16:30:00+00:00	N	8	8	7	night	0	5	True	
0.0.3	2026-05-13 22:13:18.721165+00:00	2026-05-14 00:00:00+00:00	Thursday	11	5	0.0	4774	0	0	0	0	0	80	0	1021	6	170	S	SU	Sunny	0	0	5	05:37:00+00:00	16:30:00+00:00	N	8	8	8	night	0	5	True	
0.0.3	2026-05-13 22:13:18.721165+00:00	2026-05-14 01:00:00+00:00	Thursday	11	5	0.0	4683	0	0	0	0	0	81	2	1021	6	210	SSW	SU	Sunny	0	0	5	05:37:00+00:00	16:30:00+00:00	N	8	8	8	night	0	5	True	
0.0.3	2026-05-13 22:13:18.721165+00:00	2026-05-14 02:00:00+00:00	Thursday	10	4	0.0	4604	0	0	0	0	0	79	2	1021	4	183	S	SU	Sunny	0	0	5	05:37:00+00:00	16:30:00+00:00	N	8	8	8	night	21	5	False	
0.0.3	2026-05-13 22:13:18.721165+00:00	2026-05-14 03:00:00+00:00	Thursday	10	4	0.0	4569	0	0	0	0	0	82	2	1022	4	153	SSE	SU	Sunny	0	0	5	05:37:00+00:00	16:30:00+00:00	N	8	9	8	night	21	5	False	
0.0.3	2026-05-13 22:13:18.721165+00:00	2026-05-14 04:00:00+00:00	Thursday	10	4	0.0	4573	0	0	0	0	0	83	2	1023	4	125	SE	SU	Sunny	0	0	5	05:37:00+00:00	16:30:00+00:00	N	8	9	8	naut	21	5	False	
0.0.3	2026-05-13 22:13:18.721165+00:00	2026-05-14 05:00:00+00:00	Thursday	10	4	0.0	4624	0	0	0	0	0	83	2	1024	4	105	ESE	SU	Sunny	0	0	5	05:37:00+00:00	16:30:00+00:00	N	8	9	7	day	20	5	False	
0.0.3	2026-05-13 22:13:18.721165+00:00	2026-05-14 06:00:00+00:00	Thursday	12	4	0.0	4685	0	0	0	0	0	71	2	1023	4	110	ESE	SU	Sunny	0	0	5	05:37:00+00:00	16:30:00+00:00	D	8	9	8	day	20	4	False	
0.0.3	2026-05-13 22:13:18.721165+00:00	2026-05-14 07:00:00+00:00	Thursday	14	4	0.0	4703	2	0	0	0	0	61	2	1023	2	119	ESE	SU	Sunny	0	0	5	05:37:00+00:00	16:30:00+00:00	D	8	8	8	day	20	3	False	
0.0.3	2026-05-13 22:13:18.721165+00:00	2026-05-14 08:00:00+00:00	Thursday	16	4	0.0	4696	3	0	0	0	0	53	2	1022	0	113	ESE	SU	Sunny	0	0	5	05:37:00+00:00	16:30:00+00:00	D	8	8	8	day	19	3	False	
0.0.3	2026-05-13 22:13:18.721165+00:00	2026-05-14 09:00:00+00:00	Thursday	17	4	0.0	4693	3	0	0	0	0	46	2	1021	0	118	ESE	SU	Sunny	0	0	5	05:37:00+00:00	16:30:00+00:00	D	8	8	8	day	19	3	False	
0.0.3	2026-05-13 22:13:18.721165+00:00	2026-05-14 10:00:00+00:00	Thursday	19	4	0.0	4609	4	0	0	0	0	41	0	1019	2	150	SSE	SU	Sunny	0	0	5	05:37:00+00:00	16:30:00+00:00	D	8	8	8	day	19	3	False	
0.0.3	2026-05-13 22:13:18.721165+00:00	2026-05-14 11:00:00+00:00	Thursday	19	3	0.0	4584	4	0	0	0	0	38	0	1018	2	208	SSW	SU	Sunny	0	0	5	05:37:00+00:00	16:30:00+00:00	D	8	8	8	day	18	3	False	
0.0.3	2026-05-13 22:13:18.721165+00:00	2026-05-14 12:00:00+00:00	Thursday	19	3	0.0	4559	4	0	0	0	0	36	0	1017	4	227	SW	SU	Sunny	0	0	5	05:37:00+00:00	16:30:00+00:00	D	8	8	8	day	18	3	False	
0.0.3	2026-05-13 22:13:18.721165+00:00	2026-05-14 13:00:00+00:00	Thursday	20	3	0.0	4566	4	0	0	0	0	34	0	1016	4	250	WSW	SU	Sunny	0	0	5	05:37:00+00:00	16:30:00+00:00	D	8	8	8	day	18	3	False	
0.0.3	2026-05-13 22:13:18.721165+00:00	2026-05-14 14:00:00+00:00	Thursday	20	3	0.0	4542	3	0	0	0	0	34	0	1016	4	263	W	SU	Sunny	0	0	5	05:37:00+00:00	16:30:00+00:00	D	8	8	8	day	0	3	False	
0.0.3	2026-05-13 22:13:18.721165+00:00	2026-05-14 15:00:00+00:00	Thursday	18	5	0.0	4571	2	0	0	0	0	45	0	1017	6	229	SW	SU	Sunny	0	0	5	05:37:00+00:00	16:30:00+00:00	D	8	8	7	day	0	3	False	
0.0.3	2026-05-13 22:13:18.721165+00:00	2026-05-14 16:00:00+00:00	Thursday	16	3	0.0	4578	2	0	0	0	0	47	2	1018	6	178	S	SU	Sunny	0	0	5	05:37:00+00:00	16:30:00+00:00	N	8	8	7	naut	0	3	False	
0.0.3	2026-05-13 22:13:18.721165+00:00	2026-05-14 17:00:00+00:00	Thursday	16	3	0.0	4595	1	0	0	0	0	47	2	1019	4	147	SSE	PC	Partly Cloudy	0	0	5	05:37:00+00:00	16:30:00+00:00	N	8	8	7	night	0	3	True	
0.0.3	2026-05-13 22:13:18.721165+00:00	2026-05-14 18:00:00+00:00	Thursday	15	2	0.0	4666	1	11	0	6	5	46	4	1020	2	133	SE	PC	Partly Cloudy	0	0	5	05:37:00+00:00	16:30:00+00:00	N	3	8	7	night	0	3	False	
0.0.3	2026-05-13 22:13:18.721165+00:00	2026-05-14 19:00:00+00:00	Thursday	15	2	0.0	4719	0	9	0	6	2	47	4	1020	0	135	SE	PC	Partly Cloudy	0	0	5	05:37:00+00:00	16:30:00+00:00	N	8	8	7	night	0	3	True	
0.0.3	2026-05-13 22:13:18.721165+00:00	2026-05-14 20:00:00+00:00	Thursday	14	3	0.0	4665	0	81	0	6	75	51	2	1020	0	129	SE	PC	Partly Cloudy	0	0	5	05:37:00+00:00	16:30:00+00:00	N	0	8	7	night	0	3	False	
0.0.3	2026-05-13 22:13:18.721165+00:00	2026-05-14 21:00:00+00:00	Thursday	14	3	0.0	4576	0	98	0	6	93	54	2	1021	0	22	NNE	PC	Partly Cloudy	0	0	5	05:37:00+00:00	16:30:00+00:00	N	0	8	7	night	0	3	False	
0.0.3	2026-05-13 22:13:18.721165+00:00	2026-05-14 22:00:00+00:00	Thursday	14	3	0.0	4504	0	100	0	1	100	56	2	1021	4	28	NNE	PC	Partly Cloudy	0	0	5	05:37:00+00:00	16:30:00+00:00	N	0	8	7	night	0	3	False	
0.0.3	2026-05-13 22:13:18.721165+00:00	2026-05-14 23:00:00+00:00	Thursday	13	3	0.0	4482	0	100	0	6	100	57	2	1021	6	54	NE	PC	Partly Cloudy	0	0	5	05:37:00+00:00	16:30:00+00:00	N	0	8	7	night	0	3	False	
0.0.3	2026-05-13 22:13:18.721165+00:00	2026-05-15 00:00:00+00:00	Friday	12	3	0.0	4424	0	98	0	6	98	57	4	1021	4	31	NNE	PC	Partly Cloudy	0	0	6	05:38:00+00:00	16:29:00+00:00	N	0	8	7	night	0	3	False	
0.0.3	2026-05-13 22:13:18.721165+00:00	2026-05-15 01:00:00+00:00	Friday	12	3	0.0	4413	0	97	0	6	97	59	2	1021	2	33	NNE	PC	Partly Cloudy	0	0	6	05:38:00+00:00	16:29:00+00:00	N	0	8	7	night	0	3	False	
0.0.3	2026-05-13 22:13:18.721165+00:00	2026-05-15 02:00:00+00:00	Friday	12	3	0.0	4406	0	8	0	6	8	61	2	1021	2	22	NNE	PC	Partly Cloudy	0	0	6	05:38:00+00:00	16:29:00+00:00	N	8	8	7	night	0	3	True	
0.0.3	2026-05-13 22:13:18.721165+00:00	2026-05-15 03:00:00+00:00	Friday	11	2	0.0	4425	0	6	0	1	6	63	2	1022	4	12	N	FA	Fair	0	0	6	05:38:00+00:00	16:29:00+00:00	N	8	8	7	night	13	3	False	
0.0.3	2026-05-13 22:13:18.721165+00:00	2026-05-15 04:00:00+00:00	Friday	11	2	0.0	4463	0	4	0	4	3	63	2	1022	2	24	NNE	FA	Fair	0	0	6	05:38:00+00:00	16:29:00+00:00	N	8	9	8	naut	13	3	False	
0.0.3	2026-05-13 22:13:18.721165+00:00	2026-05-15 05:00:00+00:00	Friday	11	2	0.0	4510	0	1	0	1	0	62	4	1023	0	26	NNE	FA	Fair	0	0	6	05:38:00+00:00	16:29:00+00:00	N	8	9	7	day	13	3	False	
0.0.3	2026-05-13 22:13:18.721165+00:00	2026-05-15 06:00:00+00:00	Friday	13	2	0.0	4604	0	0	0	0	0	55	4	1023	2	10	N	PC	Partly Cloudy	0	0	6	05:38:00+00:00	16:29:00+00:00	D	8	9	7	day	12	3	False	
0.0.3	2026-05-13 22:13:18.721165+00:00	2026-05-15 07:00:00+00:00	Friday	15	2	0.0	4635	2	1	0	0	0	46	4	1022	2	345	NNW	PC	Partly Cloudy	0	0	6	05:38:00+00:00	16:29:00+00:00	D	8	9	8	day	12	3	False	
0.0.3	2026-05-13 22:13:18.721165+00:00	2026-05-15 08:00:00+00:00	Friday	17	3	0.0	4575	3	3	0	3	0	40	4	1021	4	319	NW	PC	Partly Cloudy	0	0	6	05:38:00+00:00	16:29:00+00:00	D	8	9	8	day	12	3	False	
0.0.3	2026-05-13 22:13:18.721165+00:00	2026-05-15 09:00:00+00:00	Friday	18	3	0.0	4492	3	0	0	0	0	37	4	1020	6	306	NW	PC	Partly Cloudy	0	0	6	05:38:00+00:00	16:29:00+00:00	D	8	9	8	day	11	3	False	
0.0.3	2026-05-13 22:13:18.721165+00:00	2026-05-15 10:00:00+00:00	Friday	19	3	0.0	4457	4	0	0	0	0	34	4	1019	6	293	WNW	PC	Partly Cloudy	0	0	6	05:38:00+00:00	16:29:00+00:00	D	8	9	8	day	11	3	False	
0.0.3	2026-05-13 22:13:18.721165+00:00	2026-05-15 11:00:00+00:00	Friday	20	2	0.0	4411	4	0	0	0	0	30	4	1017	4	275	W	PC	Partly Cloudy	0	0	6	05:38:00+00:00	16:29:00+00:00	D	8	9	8	day	11	3	False	
0.0.3	2026-05-13 22:13:18.721165+00:00	2026-05-15 12:00:00+00:00	Friday	21	2	0.0	4380	4	0	0	0	0	28	4	1017	4	257	WSW	FA	Fair	0	0	6	05:38:00+00:00	16:29:00+00:00	D	8	9	8	day	10	3	False	
0.0.3	2026-05-13 22:13:18.721165+00:00	2026-05-15 13:00:00+00:00	Friday	21	1	0.0	4337	4	0	0	0	0	26	4	1016	6	231	SW	SU	Sunny	0	0	6	05:38:00+00:00	16:29:00+00:00	D	8	9	8	day	10	3	False	
0.0.3	2026-05-13 22:13:18.721165+00:00	2026-05-15 14:00:00+00:00	Friday	21	1	0.0	4316	3	1	1	0	0	26	4	1016	6	201	SSW	SU	Sunny	0	0	6	05:38:00+00:00	16:29:00+00:00	D	8	9	8	day	10	3	False	
0.0.3	2026-05-13 22:13:18.721165+00:00	2026-05-15 15:00:00+00:00	Friday	19	2	0.0	4291	2	3	2	0	0	34	4	1016	8	167	SSE	SU	Sunny	0	0	6	05:38:00+00:00	16:29:00+00:00	D	8	9	8	day	0	3	False	
0.0.3	2026-05-13 22:13:18.721165+00:00	2026-05-15 16:00:00+00:00	Friday	17	0	0.0	4273	2	0	0	0	0	36	4	1018	8	159	SSE	SU	Sunny	0	0	6	05:38:00+00:00	16:29:00+00:00	N	8	9	8	naut	0	3	False	
0.0.3	2026-05-13 22:13:18.721165+00:00	2026-05-15 17:00:00+00:00	Friday	16	0	0.0	4286	1	1	1	0	0	37	4	1019	6	148	SSE	SU	Sunny	0	0	6	05:38:00+00:00	16:29:00+00:00	N	8	9	8	night	0	3	True	
0.0.3	2026-05-13 22:13:18.721165+00:00	2026-05-15 18:00:00+00:00	Friday	16	0	0.0	4359	1	0	0	0	0	38	4	1020	4	140	SE	SU	Sunny	0	0	6	05:38:00+00:00	16:29:00+00:00	N	8	9	8	night	0	3	True	
0.0.3	2026-05-13 22:13:18.721165+00:00	2026-05-15 19:00:00+00:00	Friday	15	-1	0.0	4382	0	0	0	0	0	39	4	1020	0	130	SE	SU	Sunny	0	0	6	05:38:00+00:00	16:29:00+00:00	N	8	9	8	night	0	3	True	
0.0.3	2026-05-13 22:13:18.721165+00:00	2026-05-15 20:00:00+00:00	Friday	15	-1	0.0	4400	0	0	0	0	0	41	2	1021	0	124	ESE	SU	Sunny	0	0	6	05:38:00+00:00	16:29:00+00:00	N	8	9	8	night	0	3	True	
0.0.3	2026-05-13 22:13:18.721165+00:00	2026-05-15 21:00:00+00:00	Friday	14	0	0.0	4388	0	0	0	0	0	44	2	1021	0	128	SE	SU	Sunny	0	0	6	05:38:00+00:00	16:29:00+00:00	N	8	9	8	night	0	3	True	
0.0.3	2026-05-13 22:13:18.721165+00:00	2026-05-15 22:00:00+00:00	Friday	14	0	0.0	4362	0	0	0	0	0	46	0	1021	0	128	SE	SU	Sunny	0	0	6	05:38:00+00:00	16:29:00+00:00	N	8	8	8	night	0	3	True	
0.0.3	2026-05-13 22:13:18.721165+00:00	2026-05-15 23:00:00+00:00	Friday	14	0	0.0	4363	0	0	0	0	0	48	0	1021	0	72	ENE	SU	Sunny	0	0	6	05:38:00+00:00	16:29:00+00:00	N	8	9	8	night	0	3	True	
0.0.3	2026-05-13 22:13:18.721165+00:00	2026-05-16 00:00:00+00:00	Saturday	13	-1	0.0	4340	0	0	0	0	0	47	2	1022	0	53	NE	SU	Sunny	0	0	7	05:38:00+00:00	16:29:00+00:00	N	8	9	8	night	0	3	True	
0.0.3	2026-05-13 22:13:18.721165+00:00	2026-05-16 01:00:00+00:00	Saturday	13	0	0.0	4344	0	0	0	0	0	49	2	1022	2	60	ENE	SU	Sunny	0	0	7	05:38:00+00:00	16:29:00+00:00	N	8	9	8	night	0	3	True	
0.0.3	2026-05-13 22:13:18.721165+00:00	2026-05-16 02:00:00+00:00	Saturday	13	0	0.0	4353	0	0	0	0	0	51	2	1022	2	79	ENE	SU	Sunny	0	0	7	05:38:00+00:00	16:29:00+00:00	N	8	9	8	night	0	3	True	
0.0.3	2026-05-13 22:13:18.721165+00:00	2026-05-16 03:00:00+00:00	Saturday	13	0	0.0	4368	0	0	0	0	0	53	2	1022	2	89	E	SU	Sunny	0	0	7	05:38:00+00:00	16:29:00+00:00	N	8	9	8	night	0	3	True	
0.0.3	2026-05-13 22:13:18.721165+00:00	2026-05-16 04:00:00+00:00	Saturday	12	0	0.0	4377	0	0	0	0	0	53	2	1023	2	106	ESE	SU	Sunny	0	0	7	05:38:00+00:00	16:29:00+00:00	N	8	9	8	naut	0	3	False	
0.0.3	2026-05-13 22:13:18.721165+00:00	2026-05-16 05:00:00+00:00	Saturday	12	1	0.0	4347	0	0	0	0	0	56	2	1024	2	98	E	SU	Sunny	0	0	7	05:38:00+00:00	16:29:00+00:00	N	8	9	8	day	5	3	False	
0.0.3	2026-05-13 22:13:18.721165+00:00	2026-05-16 06:00:00+00:00	Saturday	14	2	0.0	4335	0	0	0	0	0	49	2	1024	4	83	E	SU	Sunny	0	0	7	05:38:00+00:00	16:29:00+00:00	D	8	9	8	day	5	3	False	
0.0.3	2026-05-13 22:13:18.721165+00:00	2026-05-16 07:00:00+00:00	Saturday	16	1	0.0	4362	2	0	0	0	0	41	2	1023	4	89	E	SU	Sunny	0	0	7	05:38:00+00:00	16:29:00+00:00	D	8	9	8	day	4	3	False	
0.0.3	2026-05-13 22:13:18.721165+00:00	2026-05-16 08:00:00+00:00	Saturday	18	2	0.0	4365	3	0	0	0	0	36	2	1022	4	91	E	SU	Sunny	0	0	7	05:38:00+00:00	16:29:00+00:00	D	8	9	8	day	4	3	False	
0.0.3	2026-05-13 22:13:18.721165+00:00	2026-05-16 09:00:00+00:00	Saturday	19	2	0.0	4342	3	0	0	0	0	32	2	1021	4	91	E	SU	Sunny	0	0	7	05:38:00+00:00	16:29:00+00:00	D	8	9	8	day	4	3	False	
0.0.3	2026-05-13 22:13:18.721165+00:00	2026-05-16 10:00:00+00:00	Saturday	20	1	0.0	4344	4	0	0	0	0	29	2	1020	2	89	E	SU	Sunny	0	0	7	05:38:00+00:00	16:29:00+00:00	D	8	9	8	day	3	3	False	
0.0.3	2026-05-13 22:13:18.721165+00:00	2026-05-16 11:00:00+00:00	Saturday	21	0	0.0	4323	4	0	0	0	0	26	0	1018	2	112	ESE	SU	Sunny	0	0	7	05:38:00+00:00	16:29:00+00:00	D	8	9	8	day	3	3	False	
0.0.3	2026-05-13 22:13:18.721165+00:00	2026-05-16 12:00:00+00:00	Saturday	21	0	0.0	4308	4	0	0	0	0	25	2	1017	2	138	SE	SU	Sunny	0	0	7	05:38:00+00:00	16:29:00+00:00	D	8	9	8	day	3	3	False	
0.0.3	2026-05-13 22:13:18.721165+00:00	2026-05-16 13:00:00+00:00	Saturday	21	0	0.0	4317	4	0	0	0	0	24	2	1017	2	139	SE	SU	Sunny	0	0	7	05:38:00+00:00	16:29:00+00:00	D	8	9	8	day	2	3	False	
0.0.3	2026-05-13 22:13:18.721165+00:00	2026-05-16 14:00:00+00:00	Saturday	21	0	0.0	4313	3	0	0	0	0	25	2	1017	2	142	SE	SU	Sunny	0	0	7	05:38:00+00:00	16:29:00+00:00	D	8	9	8	day	2	3	False	
0.0.3	2026-05-13 22:13:18.721165+00:00	2026-05-16 15:00:00+00:00	Saturday	20	2	0.0	4303	2	0	0	0	0	33	4	1017	4	148	SSE	SU	Sunny	0	0	7	05:38:00+00:00	16:29:00+00:00	D	8	9	8	day	0	3	False	
0.0.3	2026-05-13 22:13:18.721165+00:00	2026-05-16 16:00:00+00:00	Saturday	18	1	0.0	4274	2	0	0	0	0	36	6	1019	4	133	SE	SU	Sunny	0	0	7	05:38:00+00:00	16:29:00+00:00	N	8	9	8	naut	0	2	False	
0.0.3	2026-05-13 22:13:18.721165+00:00	2026-05-16 17:00:00+00:00	Saturday	17	0	0.0	4252	1	0	0	0	0	37	4	1020	4	123	ESE	SU	Sunny	0	0	7	05:38:00+00:00	16:29:00+00:00	N	8	9	8	night	0	3	True	
0.0.3	2026-05-13 22:13:18.721165+00:00	2026-05-16 18:00:00+00:00	Saturday	16	0	0.0	4227	1	0	0	0	0	38	4	1021	2	123	ESE	SU	Sunny	0	0	7	05:38:00+00:00	16:29:00+00:00	N	8	9	8	night	0	3	True	
0.0.3	2026-05-13 22:13:18.721165+00:00	2026-05-16 19:00:00+00:00	Saturday	16	0	0.0	4202	0	0	0	0	0	39	4	1021	0	119	ESE	SU	Sunny	0	0	7	05:38:00+00:00	16:29:00+00:00	N	8	9	8	night	0	3	True	
0.0.3	2026-05-13 22:13:18.721165+00:00	2026-05-16 20:00:00+00:00	Saturday	15	0	0.0	4244	0	0	0	0	0	41	4	1022	0	93	E	SU	Sunny	0	0	7	05:38:00+00:00	16:29:00+00:00	N	8	9	8	night	0	3	True	
0.0.3	2026-05-13 22:13:18.721165+00:00	2026-05-16 21:00:00+00:00	Saturday	15	0	0.0	4251	0	0	0	0	0	43	4	1022	0	65	ENE	SU	Sunny	0	0	7	05:38:00+00:00	16:29:00+00:00	N	8	9	8	night	0	3	True	
0.0.3	2026-05-13 22:13:18.721165+00:00	2026-05-16 22:00:00+00:00	Saturday	15	0	0.0	4200	0	0	0	0	0	44	4	1023	6	50	NE	SU	Sunny	1	0	7	05:38:00+00:00	16:29:00+00:00	N	8	9	8	night	0	3	True	
0.0.3	2026-05-13 22:13:18.721165+00:00	2026-05-16 23:00:00+00:00	Saturday	13	0	0.0	4171	0	0	0	0	0	46	4	1023	8	71	ENE	SU	Sunny	1	0	7	05:38:00+00:00	16:29:00+00:00	N	8	9	8	night	0	3	True	
0.0.3	2026-05-13 22:13:18.721165+00:00	2026-05-17 00:00:00+00:00	Sunday	13	0	0.0	4276	0	0	0	0	0	49	2	1023	4	75	ENE	SU	Sunny	1	0	1	05:39:00+00:00	16:28:00+00:00	N	8	9	8	night	0	3	True	
0.0.3	2026-05-13 22:13:18.721165+00:00	2026-05-17 01:00:00+00:00	Sunday	13	0	0.0	4162	0	1	1	0	0	50	2	1023	6	79	ENE	SU	Sunny	1	0	1	05:39:00+00:00	16:28:00+00:00	N	8	9	7	night	0	3	True	
0.0.3	2026-05-13 22:13:18.721165+00:00	2026-05-17 02:00:00+00:00	Sunday	12	0	0.0	3698	0	17	16	0	0	50	2	1023	6	64	ENE	SU	Sunny	1	0	1	05:39:00+00:00	16:28:00+00:00	N	3	8	7	night	0	3	False	
0.0.3	2026-05-13 22:13:18.721165+00:00	2026-05-17 03:00:00+00:00	Sunday	12	0	0.1	4349	0	14	11	0	6	50	4	1024	6	41	NE	SU	Sunny	1	0	1	05:39:00+00:00	16:28:00+00:00	N	3	8	7	night	0	3	False	
0.0.3	2026-05-13 22:13:18.721165+00:00	2026-05-17 04:00:00+00:00	Sunday	12	0	0.0	4358	0	5	1	0	5	52	2	1024	6	40	NE	SU	Sunny	1	0	1	05:39:00+00:00	16:28:00+00:00	N	8	8	7	naut	0	3	False	
0.0.3	2026-05-13 22:13:18.721165+00:00	2026-05-17 05:00:00+00:00	Sunday	12	0	0.0	4344	0	4	0	0	4	54	4	1025	4	37	NE	SU	Sunny	0	0	1	05:39:00+00:00	16:28:00+00:00	N	8	8	7	day	0	3	False	
0.0.3	2026-05-13 22:13:18.721165+00:00	2026-05-17 06:00:00+00:00	Sunday	13	3	0.0	4316	0	4	1	0	4	55	2	1025	4	23	NNE	SU	Sunny	0	0	1	05:39:00+00:00	16:28:00+00:00	D	8	8	7	day	3	3	False	
0.0.3	2026-05-13 22:13:18.721165+00:00	2026-05-17 07:00:00+00:00	Sunday	15	5	0.0	4262	2	0	0	0	0	54	4	1024	4	12	N	SU	Sunny	0	0	1	05:39:00+00:00	16:28:00+00:00	D	8	8	7	day	4	3	False	
0.0.3	2026-05-13 22:13:18.721165+00:00	2026-05-17 08:00:00+00:00	Sunday	16	6	0.0	4288	3	0	0	0	0	47	4	1023	4	352	N	SU	Sunny	0	0	1	05:39:00+00:00	16:28:00+00:00	D	8	8	7	day	4	3	False	
0.0.3	2026-05-13 22:13:18.721165+00:00	2026-05-17 09:00:00+00:00	Sunday	18	5	0.0	4295	3	3	0	0	2	41	4	1021	4	329	NNW	SU	Sunny	0	0	1	05:39:00+00:00	16:28:00+00:00	D	8	8	7	day	4	3	False	
0.0.3	2026-05-13 22:13:18.721165+00:00	2026-05-17 10:00:00+00:00	Sunday	19	5	0.0	4260	4	4	0	0	4	38	4	1020	2	312	NW	SU	Sunny	0	0	1	05:39:00+00:00	16:28:00+00:00	D	8	8	7	day	5	3	False	
0.0.3	2026-05-13 22:13:18.721165+00:00	2026-05-17 11:00:00+00:00	Sunday	20	5	0.0	3810	4	37	37	0	4	34	4	1019	2	302	WNW	SU	Sunny	0	0	1	05:39:00+00:00	16:28:00+00:00	D	2	8	7	day	5	3	False	
0.0.3	2026-05-13 22:13:18.721165+00:00	2026-05-17 12:00:00+00:00	Sunday	20	4	0.0	3572	4	58	58	0	0	33	2	1017	2	285	WNW	SU	Sunny	0	0	1	05:39:00+00:00	16:28:00+00:00	D	1	8	7	day	5	3	False	
0.0.3	2026-05-13 22:13:18.721165+00:00	2026-05-17 13:00:00+00:00	Sunday	20	4	0.0	3607	4	63	63	1	0	32	2	1017	2	262	W	FA	Fair	0	0	1	05:39:00+00:00	16:28:00+00:00	D	1	8	7	day	6	3	False	
0.0.3	2026-05-13 22:13:18.721165+00:00	2026-05-17 14:00:00+00:00	Sunday	19	4	0.0	3624	3	56	56	0	5	32	2	1017	4	235	SW	FA	Fair	0	0	1	05:39:00+00:00	16:28:00+00:00	D	1	8	7	day	6	3	False	
0.0.3	2026-05-13 22:13:18.721165+00:00	2026-05-17 15:00:00+00:00	Sunday	19	5	0.0	3646	2	74	35	0	70	40	2	1017	6	185	S	PC	Partly Cloudy	0	0	1	05:39:00+00:00	16:28:00+00:00	D	1	8	7	day	6	3	False	
0.0.3	2026-05-13 22:13:18.721165+00:00	2026-05-17 16:00:00+00:00	Sunday	17	4	0.0	3670	2	26	20	2	12	40	2	1018	8	161	SSE	CL	Cloudy	1	0	1	05:39:00+00:00	16:28:00+00:00	N	2	8	7	naut	0	3	False	
0.0.3	2026-05-13 22:13:18.721165+00:00	2026-05-17 17:00:00+00:00	Sunday	16	4	0.0	3677	1	76	30	15	65	41	2	1019	8	125	SE	CL	Cloudy	0	0	1	05:39:00+00:00	16:28:00+00:00	N	1	8	6	night	0	3	False	
0.0.3	2026-05-13 22:13:18.721165+00:00	2026-05-17 18:00:00+00:00	Sunday	16	4	0.0	3645	1	99	46	30	96	42	2	1020	6	56	NE	CL	Cloudy	0	0	1	05:39:00+00:00	16:28:00+00:00	N	0	8	6	night	0	3	False	
0.0.3	2026-05-13 22:13:18.721165+00:00	2026-05-17 19:00:00+00:00	Sunday	16	5	0.0	3629	0	54	53	32	10	45	2	1021	4	22	NNE	PC	Partly Cloudy	0	0	1	05:39:00+00:00	16:28:00+00:00	N	1	8	6	night	0	3	False	
0.0.3	2026-05-13 22:13:18.721165+00:00	2026-05-17 20:00:00+00:00	Sunday	15	5	0.0	3629	0	57	48	48	16	49	2	1021	4	342	NNW	PC	Partly Cloudy	0	0	1	05:39:00+00:00	16:28:00+00:00	N	1	8	6	night	0	3	False	
0.0.3	2026-05-13 22:13:18.721165+00:00	2026-05-17 21:00:00+00:00	Sunday	15	5	0.0	3613	0	98	41	60	68	50	2	1021	4	318	NW	PC	Partly Cloudy	0	0	1	05:39:00+00:00	16:28:00+00:00	N	0	8	6	night	0	3	False	
0.0.3	2026-05-13 22:13:18.721165+00:00	2026-05-17 22:00:00+00:00	Sunday	15	5	0.0	3600	0	88	50	61	85	52	2	1021	4	318	NW	PC	Partly Cloudy	1	0	1	05:39:00+00:00	16:28:00+00:00	N	0	8	6	night	0	3	False	
0.0.3	2026-05-13 22:13:18.721165+00:00	2026-05-17 23:00:00+00:00	Sunday	15	5	0.0	3606	0	79	47	78	2	53	2	1021	2	338	NNW	PC	Partly Cloudy	1	0	1	05:39:00+00:00	16:28:00+00:00	N	1	8	6	night	0	3	False	
0.0.3	2026-05-13 22:13:18.721165+00:00	2026-05-18 00:00:00+00:00	Monday	15	6	0.0	3606	0	90	56	77	9	55	2	1021	4	343	NNW	PC	Partly Cloudy	1	0	2	05:39:00+00:00	16:28:00+00:00	N	0	8	6	night	0	3	False	
0.0.3	2026-05-13 22:13:18.721165+00:00	2026-05-18 01:00:00+00:00	Monday	15	6	0.0	3580	0	93	64	79	3	61	2	1021	6	357	N	PC	Partly Cloudy	1	0	2	05:39:00+00:00	16:28:00+00:00	N	0	8	7	night	0	3	False	
0.0.3	2026-05-13 22:13:18.721165+00:00	2026-05-18 02:00:00+00:00	Monday	15	6	0.0	3550	0	83	59	73	11	62	0	1021	4	28	NNE	PC	Partly Cloudy	1	0	2	05:39:00+00:00	16:28:00+00:00	N	0	8	7	night	0	3	False	
0.0.3	2026-05-13 22:13:18.721165+00:00	2026-05-18 03:00:00+00:00	Monday	14	6	0.0	3525	0	85	59	83	44	59	0	1021	6	39	NE	CL	Cloudy	1	0	2	05:39:00+00:00	16:28:00+00:00	N	0	8	6	night	0	3	False	
0.0.3	2026-05-13 22:13:18.721165+00:00	2026-05-18 04:00:00+00:00	Monday	14	6	0.0	3508	0	78	55	78	25	59	0	1021	6	44	NE	CL	Cloudy	1	0	2	05:39:00+00:00	16:28:00+00:00	N	1	8	6	naut	0	3	False	
0.0.3	2026-05-13 22:13:18.721165+00:00	2026-05-18 05:00:00+00:00	Monday	14	6	0.0	3490	0	96	71	96	54	60	0	1022	2	338	NNW	CL	Cloudy	2	0	2	05:39:00+00:00	16:28:00+00:00	N	0	8	6	day	0	3	False	
0.0.3	2026-05-13 22:13:18.721165+00:00	2026-05-18 06:00:00+00:00	Monday	14	6	0.0	3486	0	99	88	99	11	57	2	1022	2	316	NW	FA	Fair	4	0	2	05:39:00+00:00	16:28:00+00:00	D	0	8	6	day	0	3	False	
0.0.3	2026-05-13 22:13:18.721165+00:00	2026-05-18 07:00:00+00:00	Monday	15	6	0.1	3490	1	100	75	99	7	51	2	1021	2	336	NNW	FA	Fair	10	0	2	05:39:00+00:00	16:28:00+00:00	D	0	8	6	day	12	3	False	
0.0.3	2026-05-13 22:13:18.721165+00:00	2026-05-18 08:00:00+00:00	Monday	15	6	0.0	3496	2	99	72	98	27	47	2	1021	2	330	NNW	HZ		6	0	2	05:39:00+00:00	16:28:00+00:00	D	0	8	6	day	12	3	False	
0.0.3	2026-05-13 22:13:18.721165+00:00	2026-05-18 09:00:00+00:00	Monday	16	6	0.0	3501	3	97	69	97	86	42	2	1020	2	308	NW	HZ		6	0	2	05:39:00+00:00	16:28:00+00:00	D	0	8	6	day	12	3	False	
0.0.3	2026-05-13 22:13:18.721165+00:00	2026-05-18 10:00:00+00:00	Monday	17	5	0.0	3500	3	62	27	62	16	39	2	1019	2	290	WNW	FA	Fair	0	0	2	05:39:00+00:00	16:28:00+00:00	D	1	8	6	day	13	3	False	
0.0.3	2026-05-13 22:13:18.721165+00:00	2026-05-18 11:00:00+00:00	Monday	18	4	0.0	3478	4	30	19	24	9	35	2	1017	0	273	W	PC	Partly Cloudy	1	0	2	05:39:00+00:00	16:28:00+00:00	D	2	8	6	day	13	3	False	
0.0.3	2026-05-13 22:13:18.721165+00:00	2026-05-18 12:00:00+00:00	Monday	19	3	0.0	3517	3	12	6	7	5	32	2	1016	0	276	W	CL	Cloudy	6	0	2	05:39:00+00:00	16:28:00+00:00	D	3	8	7	day	13	3	False	
0.0.3	2026-05-13 22:13:18.721165+00:00	2026-05-18 15:00:00+00:00	Monday	18	5	0.0	3600	0	48	39	48	0	41	4	1018	6	40	NE	FA	Fair	35	0	2	05:39:00+00:00	16:28:00+00:00	D	2	7	7	day	14	3	False	
0.0.3	2026-05-13 22:13:18.721165+00:00	2026-05-18 18:00:00+00:00	Monday	16	6	0.2	3550	0	99	99	99	0	56	4	1020	4	49	NE	FA	Fair	36	0	2	05:39:00+00:00	16:28:00+00:00	N	0	7	6	night	0	3	False	
0.0.3	2026-05-13 22:13:18.721165+00:00	2026-05-18 21:00:00+00:00	Monday	16	6	0.0	3482	0	62	8	60	32	69	4	1021	6	342	NNW	FA	Fair	14	0	2	05:39:00+00:00	16:28:00+00:00	N	1	4	6	night	0	4	False	
0.0.3	2026-05-13 22:13:18.721165+00:00	2026-05-19 00:00:00+00:00	Tuesday	14	6	0.0	3525	0	98	5	98	92	75	0	1020	2	318	NW	FA	Fair	3	0	3	05:40:00+00:00	16:27:00+00:00	N	0	5	6	night	0	5	False	
0.0.3	2026-05-13 22:13:18.721165+00:00	2026-05-19 03:00:00+00:00	Tuesday	14	6	0.0	3541	0	91	76	80	9	77	2	1020	2	39	NE	SU	Sunny	4	0	3	05:40:00+00:00	16:27:00+00:00	N	0	8	6	night	0	5	False	
0.0.3	2026-05-13 22:13:18.721165+00:00	2026-05-19 06:00:00+00:00	Tuesday	15	6	0.0	3441	0	6	4	5	4	67	2	1021	2	47	NE	FA	Fair	6	0	3	05:40:00+00:00	16:27:00+00:00	D	8	9	6	day	0	4	False	
0.0.3	2026-05-13 22:13:18.721165+00:00	2026-05-19 09:00:00+00:00	Tuesday	19	5	0.0	3411	3	99	23	5	99	42	4	1019	4	305	NW	HZ		1	0	3	05:40:00+00:00	16:27:00+00:00	D	0	8	6	day	20	3	False	
0.0.3	2026-05-13 22:13:18.721165+00:00	2026-05-19 12:00:00+00:00	Tuesday	18	5	0.1	3476	3	100	97	98	97	41	2	1016	6	320	NW	PC	Partly Cloudy	4	0	3	05:40:00+00:00	16:27:00+00:00	D	0	8	6	day	21	3	False	
0.0.3	2026-05-13 22:13:18.721165+00:00	2026-05-19 15:00:00+00:00	Tuesday	16	7	0.3	3486	0	96	86	84	10	58	4	1017	8	15	NNE	SH	Showers	0	0	3	05:40:00+00:00	16:27:00+00:00	D	0	5	6	day	22	3	False	
0.0.3	2026-05-13 22:13:18.721165+00:00	2026-05-19 18:00:00+00:00	Tuesday	15	6	0.0	3513	0	72	23	72	0	64	4	1020	2	63	ENE	SU	Sunny	4	0	3	05:40:00+00:00	16:27:00+00:00	N	1	4	6	night	23	3	False	
0.0.3	2026-05-13 22:13:18.721165+00:00	2026-05-19 21:00:00+00:00	Tuesday	15	6	0.0	3474	0	18	5	15	0	74	2	1021	2	22	NNE	SU	Sunny	0	0	3	05:40:00+00:00	16:27:00+00:00	N	3	6	6	night	0	4	False	
0.0.3	2026-05-13 22:13:18.721165+00:00	2026-05-20 00:00:00+00:00	Wednesday	13	6	0.0	3480	0	24	17	12	0	76	2	1021	2	45	NE	SU	Sunny	0	0	4	05:41:00+00:00	16:27:00+00:00	N	3	7	6	night	0	5	False	
0.0.3	2026-05-13 22:13:18.721165+00:00	2026-05-20 03:00:00+00:00	Wednesday	12	5	0.0	3581	0	4	4	0	0	75	4	1021	0	35	NE	SU	Sunny	0	0	4	05:41:00+00:00	16:27:00+00:00	N	8	7	6	night	0	5	True	
0.0.3	2026-05-13 22:13:18.721165+00:00	2026-05-20 06:00:00+00:00	Wednesday	14	6	0.0	3683	0	71	0	0	71	68	4	1022	2	47	NE	SU	Sunny	0	0	4	05:41:00+00:00	16:27:00+00:00	D	1	7	7	day	0	4	False	
0.0.3	2026-05-13 22:13:18.721165+00:00	2026-05-20 09:00:00+00:00	Wednesday	18	5	0.0	3694	3	5	0	0	4	42	4	1019	2	8	N	SU	Sunny	0	0	4	05:41:00+00:00	16:27:00+00:00	D	8	7	7	day	28	3	False	
0.0.3	2026-05-13 22:13:18.721165+00:00	2026-05-20 12:00:00+00:00	Wednesday	20	3	0.0	3614	4	93	3	4	93	30	2	1016	2	328	NNW	FA	Fair	0	0	4	05:41:00+00:00	16:27:00+00:00	D	0	7	7	day	29	3	False	
0.0.3	2026-05-13 22:13:18.721165+00:00	2026-05-20 15:00:00+00:00	Wednesday	19	3	0.0	3656	2	26	8	17	14	37	2	1017	4	173	S	PC	Partly Cloudy	4	0	4	05:41:00+00:00	16:27:00+00:00	D	2	7	7	day	30	3	False	
0.0.3	2026-05-13 22:13:18.721165+00:00	2026-05-20 18:00:00+00:00	Wednesday	17	2	0.0	3643	1	95	17	94	50	40	4	1019	4	98	E	PC	Partly Cloudy	4	0	4	05:41:00+00:00	16:27:00+00:00	N	0	7	6	night	31	3	False	
0.0.3	2026-05-13 22:13:18.721165+00:00	2026-05-20 21:00:00+00:00	Wednesday	15	3	0.0	3757	0	5	0	0	4	49	4	1021	0	29	NNE	PC	Partly Cloudy	0	0	4	05:41:00+00:00	16:27:00+00:00	N	8	7	6	night	0	3	True	
0.0.3	2026-05-13 22:13:18.721165+00:00	2026-05-21 00:00:00+00:00	Thursday	14	3	0.0	3741	0	78	0	3	78	56	4	1022	4	25	NNE	SU	Sunny	0	0	5	05:41:00+00:00	16:26:00+00:00	N	1	8	6	night	0	3	False	
0.0.3	2026-05-13 22:13:18.721165+00:00	2026-05-21 03:00:00+00:00	Thursday	12	3	0.0	3721	0	89	0	0	89	61	2	1023	2	69	ENE	SU	Sunny	0	0	5	05:41:00+00:00	16:26:00+00:00	N	0	8	6	night	0	3	False	
0.0.3	2026-05-13 22:13:18.721165+00:00	2026-05-21 06:00:00+00:00	Thursday	13	4	0.0	3590	0	6	0	0	6	55	2	1024	4	4	N	PC	Partly Cloudy	0	0	5	05:41:00+00:00	16:26:00+00:00	D	8	7	6	day	0	3	False	
0.0.3	2026-05-13 22:13:18.721165+00:00	2026-05-21 09:00:00+00:00	Thursday	17	4	0.0	3654	2	92	0	0	92	39	4	1023	4	287	WNW	PC	Partly Cloudy	4	0	5	05:41:00+00:00	16:26:00+00:00	D	0	7	6	day	0	3	False	
0.0.3	2026-05-13 22:13:18.721165+00:00	2026-05-21 12:00:00+00:00	Thursday	20	4	0.0	3686	3	23	19	0	15	34	2	1020	4	241	WSW	FA	Fair	4	0	5	05:41:00+00:00	16:26:00+00:00	D	3	7	6	day	36	3	False	
0.0.3	2026-05-13 22:13:18.721165+00:00	2026-05-21 15:00:00+00:00	Thursday	19	5	0.0	3719	2	99	85	93	86	43	2	1020	4	157	SSE	FA	Fair	4	0	5	05:41:00+00:00	16:26:00+00:00	D	0	7	6	day	37	3	False	
0.0.3	2026-05-13 22:13:18.721165+00:00	2026-05-21 18:00:00+00:00	Thursday	16	4	0.0	3727	1	99	37	82	99	47	4	1023	4	125	SE	FA	Fair	4	0	5	05:41:00+00:00	16:26:00+00:00	N	0	7	6	night	38	3	False	
0.0.3	2026-05-13 22:13:18.721165+00:00	2026-05-21 21:00:00+00:00	Thursday	16	5	0.1	3692	0	98	4	20	98	58	4	1025	11	131	SE	HZ		4	0	5	05:41:00+00:00	16:26:00+00:00	N	0	7	6	night	0	3	False	
0.0.3	2026-05-13 22:13:18.721165+00:00	2026-05-22 00:00:00+00:00	Friday	13	5	0.0	3590	0	89	3	0	89	66	2	1026	8	72	ENE	HZ		4	0	6	05:42:00+00:00	16:26:00+00:00	N	0	7	6	night	0	4	False	
0.0.3	2026-05-13 22:13:18.721165+00:00	2026-05-22 03:00:00+00:00	Friday	12	5	0.0	3647	0	99	0	0	99	66	2	1027	4	32	NNE	HZ		4	0	6	05:42:00+00:00	16:26:00+00:00	N	0	7	6	night	0	4	False	
0.0.3	2026-05-13 22:13:18.721165+00:00	2026-05-22 06:00:00+00:00	Friday	13	7	0.0	3982	0	99	0	0	99	72	4	1028	4	20	NNE	HZ		4	0	6	05:42:00+00:00	16:26:00+00:00	D	0	7	6	day	0	4	False	
0.0.3	2026-05-13 22:13:18.721165+00:00	2026-05-22 09:00:00+00:00	Friday	18	7	0.0	3931	3	99	0	0	99	49	4	1026	8	40	NE	HZ		4	0	6	05:42:00+00:00	16:26:00+00:00	D	0	7	6	day	0	3	False	
0.0.3	2026-05-13 22:13:18.721165+00:00	2026-05-22 12:00:00+00:00	Friday	19	6	0.0	3887	4	99	0	0	99	40	4	1023	11	74	ENE	HZ		4	0	6	05:42:00+00:00	16:26:00+00:00	D	0	7	6	day	43	3	False	
0.0.3	2026-05-13 22:13:18.721165+00:00	2026-05-22 15:00:00+00:00	Friday	18	5	0.0	3742	2	58	0	0	58	41	4	1023	11	75	ENE	HZ		0	0	6	05:42:00+00:00	16:26:00+00:00	D	1	6	7	day	44	3	False	
0.0.3	2026-05-13 22:13:18.721165+00:00	2026-05-22 18:00:00+00:00	Friday	14	3	0.0	3594	1	100	0	0	100	47	4	1026	6	68	ENE	HZ		4	0	6	05:42:00+00:00	16:26:00+00:00	N	0	6	7	night	45	3	False	
0.0.3	2026-05-13 22:13:18.721165+00:00	2026-05-22 21:00:00+00:00	Friday	13	3	0.0	4271	0	100	0	0	100	53	4	1028	11	3	N	HZ		10	0	6	05:42:00+00:00	16:26:00+00:00	N	0	6	7	night	46	3	False	
0.0.3	2026-05-13 22:13:18.721165+00:00	2026-05-23 00:00:00+00:00	Saturday	12	3	0.0	4179	0	99	0	16	99	59	2	1028	6	49	NE	FA	Fair	10	0	7	05:42:00+00:00	16:26:00+00:00	N	0	6	7	night	0	3	False	
0.0.3	2026-05-13 22:13:18.721165+00:00	2026-05-23 03:00:00+00:00	Saturday	11	3	0.0	4192	0	100	0	0	100	64	2	1029	6	30	NNE	HZ		0	0	7	05:42:00+00:00	16:26:00+00:00	N	0	6	7	night	0	3	False	
0.0.3	2026-05-13 22:13:18.721165+00:00	2026-05-23 06:00:00+00:00	Saturday	12	4	0.0	4383	0	99	0	1	99	61	2	1030	8	45	NE	HZ		0	0	7	05:42:00+00:00	16:26:00+00:00	D	0	7	7	day	0	3	False	
0.0.3	2026-05-13 22:13:18.721165+00:00	2026-05-23 09:00:00+00:00	Saturday	17	4	0.0	4287	1	97	0	47	97	49	0	1028	8	87	E	PC	Partly Cloudy	0	0	7	05:42:00+00:00	16:26:00+00:00	D	0	7	7	day	0	3	False	
0.0.3	2026-05-13 22:13:18.721165+00:00	2026-05-23 12:00:00+00:00	Saturday	19	2	0.0	4087	2	17	0	15	12	34	2	1024	6	54	NE	HZ		14	0	7	05:42:00+00:00	16:26:00+00:00	D	3	8	7	day	50	3	False	
0.0.3	2026-05-13 22:13:18.721165+00:00	2026-05-23 15:00:00+00:00	Saturday	17	4	0.0	4189	1	100	0	99	100	43	0	1024	6	179	S	PC	Partly Cloudy	14	0	7	05:42:00+00:00	16:26:00+00:00	D	0	7	7	day	51	3	False	
0.0.3	2026-05-13 22:13:18.721165+00:00	2026-05-23 18:00:00+00:00	Saturday	15	2	0.0	4403	0	99	0	97	99	43	2	1025	8	123	ESE	PC	Partly Cloudy	12	0	7	05:42:00+00:00	16:26:00+00:00	N	0	8	7	night	52	3	False	
0.0.3	2026-05-13 22:13:18.721165+00:00	2026-05-23 21:00:00+00:00	Saturday	13	3	0.0	4474	0	98	0	8	98	48	2	1026	6	339	NNW	PC	Partly Cloudy	10	0	7	05:42:00+00:00	16:26:00+00:00	N	0	8	7	night	53	3	False	
0.0.3	2026-05-14 21:46:49.577696+00:00	2026-05-14 21:00:00+00:00	Thursday	14	1	0.0	4558	0	80	0	6	77	48	2	1021	0	10	N	PC	Partly Cloudy	0	0	5	05:37:00+00:00	16:30:00+00:00	N	1	8	7	night	0	3	False	
0.0.3	2026-05-14 21:46:49.577696+00:00	2026-05-14 22:00:00+00:00	Thursday	13	1	0.0	4568	0	27	0	6	27	53	2	1021	0	21	NNE	PC	Partly Cloudy	0	0	5	05:37:00+00:00	16:30:00+00:00	N	2	8	7	night	0	3	False	
0.0.3	2026-05-14 21:46:49.577696+00:00	2026-05-14 23:00:00+00:00	Thursday	13	1	0.0	4599	0	97	0	2	97	53	2	1021	2	43	NE	PC	Partly Cloudy	0	0	5	05:37:00+00:00	16:30:00+00:00	N	0	8	7	night	0	3	False	
0.0.3	2026-05-14 21:46:49.577696+00:00	2026-05-15 00:00:00+00:00	Friday	12	1	0.0	4475	0	71	0	6	69	53	2	1021	2	21	NNE	PC	Partly Cloudy	0	0	6	05:38:00+00:00	16:29:00+00:00	N	1	8	7	night	0	3	False	
0.0.3	2026-05-14 21:46:49.577696+00:00	2026-05-15 01:00:00+00:00	Friday	12	2	0.0	4540	0	99	0	6	96	56	2	1021	0	40	NE	FA	Fair	0	0	6	05:38:00+00:00	16:29:00+00:00	N	0	8	7	night	0	3	False	
0.0.3	2026-05-14 21:46:49.577696+00:00	2026-05-15 02:00:00+00:00	Friday	12	2	0.0	4551	0	51	0	10	48	61	2	1021	2	23	NNE	FA	Fair	0	0	6	05:38:00+00:00	16:29:00+00:00	N	1	8	7	night	0	3	False	
0.0.3	2026-05-14 21:46:49.577696+00:00	2026-05-15 03:00:00+00:00	Friday	11	2	0.0	4577	0	21	0	15	15	63	2	1021	2	27	NNE	SU	Sunny	0	0	6	05:38:00+00:00	16:29:00+00:00	N	3	8	7	night	13	3	False	
0.0.3	2026-05-14 21:46:49.577696+00:00	2026-05-15 04:00:00+00:00	Friday	11	2	0.0	4602	0	10	0	9	10	66	2	1022	2	21	NNE	FA	Fair	0	0	6	05:38:00+00:00	16:29:00+00:00	N	8	8	7	naut	13	4	False	
0.0.3	2026-05-14 21:46:49.577696+00:00	2026-05-15 05:00:00+00:00	Friday	11	2	0.0	4612	0	8	0	7	7	66	2	1023	0	48	NE	PC	Partly Cloudy	0	0	6	05:38:00+00:00	16:29:00+00:00	N	8	8	7	day	13	4	False	
0.0.3	2026-05-14 21:46:49.577696+00:00	2026-05-15 06:00:00+00:00	Friday	13	3	0.0	4648	0	6	0	6	6	56	2	1023	0	32	NNE	PC	Partly Cloudy	0	0	6	05:38:00+00:00	16:29:00+00:00	D	8	8	7	day	12	3	False	
0.0.3	2026-05-14 21:46:49.577696+00:00	2026-05-15 07:00:00+00:00	Friday	15	3	0.0	4676	2	6	0	6	0	48	2	1022	4	11	N	PC	Partly Cloudy	0	0	6	05:38:00+00:00	16:29:00+00:00	D	8	8	7	day	12	3	False	
0.0.3	2026-05-14 21:46:49.577696+00:00	2026-05-15 08:00:00+00:00	Friday	17	3	0.0	4671	2	5	0	5	0	41	4	1021	6	344	NNW	PC	Partly Cloudy	0	0	6	05:38:00+00:00	16:29:00+00:00	D	8	8	8	day	12	3	False	
0.0.3	2026-05-14 21:46:49.577696+00:00	2026-05-15 09:00:00+00:00	Friday	18	2	0.0	4617	3	2	0	2	0	35	4	1020	6	322	NW	PC	Partly Cloudy	0	0	6	05:38:00+00:00	16:29:00+00:00	D	8	8	8	day	11	3	False	
0.0.3	2026-05-14 21:46:49.577696+00:00	2026-05-15 10:00:00+00:00	Friday	19	2	0.0	4540	4	0	0	0	0	31	4	1019	6	310	NW	PC	Partly Cloudy	0	0	6	05:38:00+00:00	16:29:00+00:00	D	8	8	8	day	11	3	False	
0.0.3	2026-05-14 21:46:49.577696+00:00	2026-05-15 11:00:00+00:00	Friday	20	1	0.0	4479	4	0	0	0	0	27	4	1018	6	287	WNW	FA	Fair	0	0	6	05:38:00+00:00	16:29:00+00:00	D	8	8	8	day	11	3	False	
0.0.3	2026-05-14 21:46:49.577696+00:00	2026-05-15 12:00:00+00:00	Friday	21	1	0.0	4403	4	0	0	0	0	26	4	1017	6	272	W	SU	Sunny	0	0	6	05:38:00+00:00	16:29:00+00:00	D	8	8	8	day	10	3	False	
0.0.3	2026-05-14 21:46:49.577696+00:00	2026-05-15 13:00:00+00:00	Friday	21	0	0.0	4318	4	0	0	0	0	26	4	1016	6	259	WSW	SU	Sunny	0	0	6	05:38:00+00:00	16:29:00+00:00	D	8	8	8	day	10	3	False	
0.0.3	2026-05-14 21:46:49.577696+00:00	2026-05-15 14:00:00+00:00	Friday	20	0	0.0	4307	3	0	0	0	0	25	2	1016	6	229	SW	SU	Sunny	0	0	6	05:38:00+00:00	16:29:00+00:00	D	8	8	8	day	10	3	False	
0.0.3	2026-05-14 21:46:49.577696+00:00	2026-05-15 15:00:00+00:00	Friday	19	2	0.0	4255	2	0	0	0	0	35	2	1017	8	175	S	SU	Sunny	0	0	6	05:38:00+00:00	16:29:00+00:00	D	8	8	8	day	0	3	False	
0.0.3	2026-05-14 21:46:49.577696+00:00	2026-05-15 16:00:00+00:00	Friday	17	1	0.0	4271	2	1	1	0	0	38	4	1018	8	158	SSE	SU	Sunny	0	0	6	05:38:00+00:00	16:29:00+00:00	N	8	8	8	naut	0	3	False	
0.0.3	2026-05-14 21:46:49.577696+00:00	2026-05-15 17:00:00+00:00	Friday	16	1	0.0	4273	1	0	0	0	0	41	4	1019	6	149	SSE	SU	Sunny	0	0	6	05:38:00+00:00	16:29:00+00:00	N	8	8	8	night	0	3	True	
0.0.3	2026-05-14 21:46:49.577696+00:00	2026-05-15 18:00:00+00:00	Friday	15	1	0.0	4278	1	0	0	0	0	43	2	1020	4	146	SE	SU	Sunny	0	0	6	05:38:00+00:00	16:29:00+00:00	N	8	8	8	night	0	3	True	
0.0.3	2026-05-14 21:46:49.577696+00:00	2026-05-15 19:00:00+00:00	Friday	15	1	0.0	4309	0	0	0	0	0	45	2	1021	0	153	SSE	SU	Sunny	0	0	6	05:38:00+00:00	16:29:00+00:00	N	8	8	8	night	0	3	True	
0.0.3	2026-05-14 21:46:49.577696+00:00	2026-05-15 20:00:00+00:00	Friday	15	1	0.0	4375	0	0	0	0	0	48	2	1021	0	144	SE	SU	Sunny	0	0	6	05:38:00+00:00	16:29:00+00:00	N	8	8	8	night	0	3	True	
0.0.3	2026-05-14 21:46:49.577696+00:00	2026-05-15 21:00:00+00:00	Friday	14	2	0.0	4371	0	0	0	0	0	52	0	1021	2	118	ESE	SU	Sunny	0	0	6	05:38:00+00:00	16:29:00+00:00	N	8	8	8	night	0	3	True	
0.0.3	2026-05-14 21:46:49.577696+00:00	2026-05-15 22:00:00+00:00	Friday	14	2	0.0	4351	0	0	0	0	0	54	0	1021	2	107	ESE	SU	Sunny	0	0	6	05:38:00+00:00	16:29:00+00:00	N	8	8	8	night	0	3	True	
0.0.3	2026-05-14 21:46:49.577696+00:00	2026-05-15 23:00:00+00:00	Friday	13	2	0.0	4346	0	0	0	0	0	55	0	1021	2	102	ESE	SU	Sunny	0	0	6	05:38:00+00:00	16:29:00+00:00	N	8	8	8	night	0	3	True	
0.0.3	2026-05-14 21:46:49.577696+00:00	2026-05-16 00:00:00+00:00	Saturday	13	1	0.0	4343	0	0	0	0	0	56	2	1022	2	107	ESE	SU	Sunny	0	0	7	05:38:00+00:00	16:29:00+00:00	N	8	8	8	night	0	3	True	
0.0.3	2026-05-14 21:46:49.577696+00:00	2026-05-16 01:00:00+00:00	Saturday	13	1	0.0	4357	0	0	0	0	0	56	2	1022	2	108	ESE	SU	Sunny	0	0	7	05:38:00+00:00	16:29:00+00:00	N	8	8	8	night	0	3	True	
0.0.3	2026-05-14 21:46:49.577696+00:00	2026-05-16 02:00:00+00:00	Saturday	12	1	0.0	4331	0	0	0	0	0	57	2	1022	2	95	E	SU	Sunny	0	0	7	05:38:00+00:00	16:29:00+00:00	N	8	9	8	night	0	3	True	
0.0.3	2026-05-14 21:46:49.577696+00:00	2026-05-16 03:00:00+00:00	Saturday	12	1	0.0	4276	0	0	0	0	0	58	2	1022	2	73	ENE	SU	Sunny	0	0	7	05:38:00+00:00	16:29:00+00:00	N	8	9	8	night	0	3	True	
0.0.3	2026-05-14 21:46:49.577696+00:00	2026-05-16 04:00:00+00:00	Saturday	12	1	0.0	4255	0	0	0	0	0	60	2	1023	2	89	E	SU	Sunny	0	0	7	05:38:00+00:00	16:29:00+00:00	N	8	9	8	naut	0	3	False	
0.0.3	2026-05-14 21:46:49.577696+00:00	2026-05-16 05:00:00+00:00	Saturday	12	2	0.0	4265	0	0	0	0	0	60	2	1024	4	118	ESE	SU	Sunny	0	0	7	05:38:00+00:00	16:29:00+00:00	N	8	9	8	day	5	3	False	
0.0.3	2026-05-14 21:46:49.577696+00:00	2026-05-16 06:00:00+00:00	Saturday	14	3	0.0	4225	0	0	0	0	0	54	2	1024	6	113	ESE	SU	Sunny	0	0	7	05:38:00+00:00	16:29:00+00:00	D	8	9	8	day	5	3	False	
0.0.3	2026-05-14 21:46:49.577696+00:00	2026-05-16 07:00:00+00:00	Saturday	16	3	0.0	4223	2	0	0	0	0	46	4	1023	4	98	E	SU	Sunny	0	0	7	05:38:00+00:00	16:29:00+00:00	D	8	9	8	day	4	3	False	
0.0.3	2026-05-14 21:46:49.577696+00:00	2026-05-16 08:00:00+00:00	Saturday	18	3	0.0	4198	3	0	0	0	0	41	4	1022	4	83	E	SU	Sunny	0	0	7	05:38:00+00:00	16:29:00+00:00	D	8	9	8	day	4	3	False	
0.0.3	2026-05-14 21:46:49.577696+00:00	2026-05-16 09:00:00+00:00	Saturday	19	3	0.0	4171	3	0	0	0	0	36	4	1021	2	74	ENE	SU	Sunny	0	0	7	05:38:00+00:00	16:29:00+00:00	D	8	9	8	day	4	3	False	
0.0.3	2026-05-14 21:46:49.577696+00:00	2026-05-16 10:00:00+00:00	Saturday	20	2	0.0	4175	4	0	0	0	0	31	2	1020	2	83	E	SU	Sunny	0	0	7	05:38:00+00:00	16:29:00+00:00	D	8	9	8	day	3	3	False	
0.0.3	2026-05-14 21:46:49.577696+00:00	2026-05-16 11:00:00+00:00	Saturday	21	1	0.0	4181	4	0	0	0	0	27	2	1018	2	108	ESE	SU	Sunny	0	0	7	05:38:00+00:00	16:29:00+00:00	D	8	9	8	day	3	3	False	
0.0.3	2026-05-14 21:46:49.577696+00:00	2026-05-16 12:00:00+00:00	Saturday	21	0	0.0	4188	4	0	0	0	0	26	0	1018	2	131	SE	SU	Sunny	0	0	7	05:38:00+00:00	16:29:00+00:00	D	8	9	8	day	3	3	False	
0.0.3	2026-05-14 21:46:49.577696+00:00	2026-05-16 13:00:00+00:00	Saturday	21	0	0.0	4191	4	0	0	0	0	25	0	1017	2	145	SE	SU	Sunny	0	0	7	05:38:00+00:00	16:29:00+00:00	D	8	9	8	day	2	3	False	
0.0.3	2026-05-14 21:46:49.577696+00:00	2026-05-16 14:00:00+00:00	Saturday	21	0	0.0	4204	3	0	0	0	0	25	2	1017	2	149	SSE	SU	Sunny	0	0	7	05:38:00+00:00	16:29:00+00:00	D	8	9	8	day	2	3	False	
0.0.3	2026-05-14 21:46:49.577696+00:00	2026-05-16 15:00:00+00:00	Saturday	19	2	0.0	4167	2	0	0	0	0	33	4	1018	2	151	SSE	SU	Sunny	0	0	7	05:38:00+00:00	16:29:00+00:00	D	8	9	8	day	0	3	False	
0.0.3	2026-05-14 21:46:49.577696+00:00	2026-05-16 16:00:00+00:00	Saturday	18	0	0.0	4140	2	0	0	0	0	35	4	1019	2	139	SE	SU	Sunny	0	0	7	05:38:00+00:00	16:29:00+00:00	N	8	9	8	naut	0	3	False	
0.0.3	2026-05-14 21:46:49.577696+00:00	2026-05-16 17:00:00+00:00	Saturday	17	0	0.0	4114	1	0	0	0	0	36	4	1020	2	127	SE	SU	Sunny	0	0	7	05:38:00+00:00	16:29:00+00:00	N	8	9	8	night	0	3	True	
0.0.3	2026-05-14 21:46:49.577696+00:00	2026-05-16 18:00:00+00:00	Saturday	16	0	0.0	4079	1	0	0	0	0	37	4	1021	0	118	ESE	SU	Sunny	0	0	7	05:38:00+00:00	16:29:00+00:00	N	8	9	8	night	0	3	True	
0.0.3	2026-05-14 21:46:49.577696+00:00	2026-05-16 19:00:00+00:00	Saturday	16	0	0.0	4066	0	0	0	0	0	38	4	1022	0	118	ESE	SU	Sunny	0	0	7	05:38:00+00:00	16:29:00+00:00	N	8	9	8	night	0	3	True	
0.0.3	2026-05-14 21:46:49.577696+00:00	2026-05-16 20:00:00+00:00	Saturday	15	-1	0.0	4046	0	0	0	0	0	40	4	1022	2	107	ESE	SU	Sunny	0	0	7	05:38:00+00:00	16:29:00+00:00	N	8	9	8	night	0	3	True	
0.0.3	2026-05-14 21:46:49.577696+00:00	2026-05-16 21:00:00+00:00	Saturday	15	-1	0.0	4043	0	0	0	0	0	41	4	1023	8	89	E	SU	Sunny	0	0	7	05:38:00+00:00	16:29:00+00:00	N	8	9	8	night	0	3	True	
0.0.3	2026-05-14 21:46:49.577696+00:00	2026-05-16 22:00:00+00:00	Saturday	13	0	0.0	4067	0	0	0	0	0	44	4	1023	13	91	E	SU	Sunny	0	0	7	05:38:00+00:00	16:29:00+00:00	N	8	9	8	night	0	3	True	
0.0.3	2026-05-14 21:46:49.577696+00:00	2026-05-16 23:00:00+00:00	Saturday	13	1	0.0	4216	0	0	0	0	0	53	4	1024	13	87	E	SU	Sunny	0	0	7	05:38:00+00:00	16:29:00+00:00	N	8	9	8	night	0	3	True	
0.0.3	2026-05-14 21:46:49.577696+00:00	2026-05-17 00:00:00+00:00	Sunday	12	2	0.0	4169	0	1	1	0	0	59	2	1024	8	80	E	SU	Sunny	0	0	1	05:39:00+00:00	16:28:00+00:00	N	8	9	8	night	0	3	True	
0.0.3	2026-05-14 21:46:49.577696+00:00	2026-05-17 01:00:00+00:00	Sunday	12	2	0.0	4135	0	1	1	0	0	61	2	1024	6	81	E	SU	Sunny	0	0	1	05:39:00+00:00	16:28:00+00:00	N	8	9	8	night	0	3	True	
0.0.3	2026-05-14 21:46:49.577696+00:00	2026-05-17 02:00:00+00:00	Sunday	12	3	0.0	4101	0	1	1	0	0	64	2	1024	4	88	E	SU	Sunny	0	0	1	05:39:00+00:00	16:28:00+00:00	N	8	8	8	night	0	3	True	
0.0.3	2026-05-14 21:46:49.577696+00:00	2026-05-17 03:00:00+00:00	Sunday	11	3	0.1	4113	0	2	2	0	0	69	4	1024	4	76	ENE	SU	Sunny	0	0	1	05:39:00+00:00	16:28:00+00:00	N	8	9	8	night	0	4	True	
0.0.3	2026-05-14 21:46:49.577696+00:00	2026-05-17 04:00:00+00:00	Sunday	11	4	0.0	4153	0	7	7	0	0	74	4	1025	4	47	NE	SU	Sunny	0	0	1	05:39:00+00:00	16:28:00+00:00	N	8	9	8	naut	0	4	False	
0.0.3	2026-05-14 21:46:49.577696+00:00	2026-05-17 05:00:00+00:00	Sunday	11	5	0.0	4183	0	12	12	0	0	77	4	1025	6	49	NE	SU	Sunny	0	0	1	05:39:00+00:00	16:28:00+00:00	N	3	9	7	day	0	5	False	
0.0.3	2026-05-14 21:46:49.577696+00:00	2026-05-17 06:00:00+00:00	Sunday	13	5	0.1	4182	0	15	15	0	0	70	4	1025	4	37	NE	SU	Sunny	0	0	1	05:39:00+00:00	16:28:00+00:00	D	3	9	7	day	3	4	False	
0.0.3	2026-05-14 21:46:49.577696+00:00	2026-05-17 07:00:00+00:00	Sunday	14	6	0.0	4171	2	16	16	0	0	57	6	1024	6	16	NNE	SU	Sunny	0	0	1	05:39:00+00:00	16:28:00+00:00	D	3	9	7	day	4	2	False	
0.0.3	2026-05-14 21:46:49.577696+00:00	2026-05-17 08:00:00+00:00	Sunday	16	6	0.1	4181	3	14	14	0	0	51	6	1023	4	1	N	SU	Sunny	0	0	1	05:39:00+00:00	16:28:00+00:00	D	3	9	7	day	4	2	False	
0.0.3	2026-05-14 21:46:49.577696+00:00	2026-05-17 09:00:00+00:00	Sunday	18	6	0.1	4163	3	7	7	0	0	44	4	1021	4	352	N	SU	Sunny	0	0	1	05:39:00+00:00	16:28:00+00:00	D	8	9	7	day	4	3	False	
0.0.3	2026-05-14 21:46:49.577696+00:00	2026-05-17 10:00:00+00:00	Sunday	19	5	0.0	4079	4	5	5	0	0	37	4	1020	2	341	NNW	SU	Sunny	0	0	1	05:39:00+00:00	16:28:00+00:00	D	8	8	7	day	5	3	False	
0.0.3	2026-05-14 21:46:49.577696+00:00	2026-05-17 11:00:00+00:00	Sunday	20	3	0.0	3559	4	20	20	0	0	32	2	1018	2	318	NW	SU	Sunny	0	0	1	05:39:00+00:00	16:28:00+00:00	D	3	8	7	day	5	3	False	
0.0.3	2026-05-14 21:46:49.577696+00:00	2026-05-17 12:00:00+00:00	Sunday	20	3	0.0	3847	4	10	10	0	0	30	2	1017	4	299	WNW	SU	Sunny	0	0	1	05:39:00+00:00	16:28:00+00:00	D	8	8	7	day	5	3	False	
0.0.3	2026-05-14 21:46:49.577696+00:00	2026-05-17 13:00:00+00:00	Sunday	20	3	0.0	3777	4	14	14	0	0	30	2	1017	2	285	WNW	SU	Sunny	0	0	1	05:39:00+00:00	16:28:00+00:00	D	3	8	7	day	6	3	False	
0.0.3	2026-05-14 21:46:49.577696+00:00	2026-05-17 14:00:00+00:00	Sunday	20	2	0.0	3566	3	17	17	1	0	30	2	1016	4	267	W	SU	Sunny	0	0	1	05:39:00+00:00	16:28:00+00:00	D	3	8	7	day	6	3	False	
0.0.3	2026-05-14 21:46:49.577696+00:00	2026-05-17 15:00:00+00:00	Sunday	18	5	0.0	3602	2	25	25	22	0	41	0	1017	8	190	S	SU	Sunny	0	0	1	05:39:00+00:00	16:28:00+00:00	D	3	8	7	day	6	3	False	
0.0.3	2026-05-14 21:46:49.577696+00:00	2026-05-17 16:00:00+00:00	Sunday	16	2	0.0	3594	2	61	52	54	0	40	2	1018	11	136	SE	FA	Fair	0	0	1	05:39:00+00:00	16:28:00+00:00	N	1	8	7	naut	0	3	False	
0.0.3	2026-05-14 21:46:49.577696+00:00	2026-05-17 17:00:00+00:00	Sunday	16	2	0.0	3607	1	80	58	79	3	39	4	1019	6	110	ESE	CL	Cloudy	0	0	1	05:39:00+00:00	16:28:00+00:00	N	1	8	7	night	0	3	False	
0.0.3	2026-05-14 21:46:49.577696+00:00	2026-05-17 18:00:00+00:00	Sunday	16	3	0.0	3610	1	94	82	93	14	39	2	1020	6	80	E	CL	Cloudy	0	0	1	05:39:00+00:00	16:28:00+00:00	N	0	8	7	night	0	3	False	
0.0.3	2026-05-14 21:46:49.577696+00:00	2026-05-17 19:00:00+00:00	Sunday	17	3	0.0	3620	0	93	80	93	60	41	4	1020	4	353	N	CL	Cloudy	0	0	1	05:39:00+00:00	16:28:00+00:00	N	0	8	6	night	0	3	False	
0.0.3	2026-05-14 21:46:49.577696+00:00	2026-05-17 20:00:00+00:00	Sunday	16	5	0.0	3662	0	94	76	93	12	47	4	1020	4	8	N	CL	Cloudy	0	0	1	05:39:00+00:00	16:28:00+00:00	N	0	7	6	night	0	3	False	
0.0.3	2026-05-14 21:46:49.577696+00:00	2026-05-17 21:00:00+00:00	Sunday	16	6	0.0	3649	0	97	82	93	4	52	4	1020	4	353	N	CL	Cloudy	0	0	1	05:39:00+00:00	16:28:00+00:00	N	0	7	6	night	0	3	False	
0.0.3	2026-05-14 21:46:49.577696+00:00	2026-05-17 22:00:00+00:00	Sunday	16	6	0.0	3604	0	97	79	93	0	53	4	1020	4	337	NNW	PC	Partly Cloudy	0	0	1	05:39:00+00:00	16:28:00+00:00	N	0	7	6	night	0	3	False	
0.0.3	2026-05-14 21:46:49.577696+00:00	2026-05-17 23:00:00+00:00	Sunday	16	6	0.0	3592	0	99	88	98	0	55	4	1020	4	309	NW	PC	Partly Cloudy	0	0	1	05:39:00+00:00	16:28:00+00:00	N	0	7	6	night	0	3	False	
0.0.3	2026-05-14 21:46:49.577696+00:00	2026-05-18 00:00:00+00:00	Monday	16	6	0.0	3564	0	99	87	99	0	58	2	1020	4	300	WNW	PC	Partly Cloudy	0	0	2	05:39:00+00:00	16:28:00+00:00	N	0	7	6	night	0	3	False	
0.0.3	2026-05-14 21:46:49.577696+00:00	2026-05-18 01:00:00+00:00	Monday	16	6	0.0	3517	0	99	93	99	3	58	2	1020	6	296	WNW	PC	Partly Cloudy	0	0	2	05:39:00+00:00	16:28:00+00:00	N	0	7	6	night	0	3	False	
0.0.3	2026-05-14 21:46:49.577696+00:00	2026-05-18 02:00:00+00:00	Monday	15	6	0.0	3494	0	98	76	98	0	58	2	1019	6	307	NW	CL	Cloudy	0	0	2	05:39:00+00:00	16:28:00+00:00	N	0	7	6	night	0	3	False	
0.0.3	2026-05-14 21:46:49.577696+00:00	2026-05-18 03:00:00+00:00	Monday	15	6	0.0	3482	0	99	52	99	0	57	2	1019	8	328	NNW	CL	Cloudy	0	0	2	05:39:00+00:00	16:28:00+00:00	N	0	7	6	night	0	3	False	
0.0.3	2026-05-14 21:46:49.577696+00:00	2026-05-18 04:00:00+00:00	Monday	14	6	0.0	3507	0	72	34	72	0	57	2	1020	11	332	NNW	PC	Partly Cloudy	0	0	2	05:39:00+00:00	16:28:00+00:00	N	1	7	7	naut	0	3	False	
0.0.3	2026-05-14 21:46:49.577696+00:00	2026-05-18 05:00:00+00:00	Monday	14	6	0.1	3496	0	72	38	72	0	62	2	1020	11	334	NNW	FA	Fair	0	0	2	05:39:00+00:00	16:28:00+00:00	N	1	7	7	day	0	3	False	
0.0.3	2026-05-14 21:46:49.577696+00:00	2026-05-18 06:00:00+00:00	Monday	15	6	0.0	3489	0	72	31	72	1	56	2	1020	6	328	NNW	FA	Fair	0	0	2	05:39:00+00:00	16:28:00+00:00	D	1	7	7	day	0	3	False	
0.0.3	2026-05-14 21:46:49.577696+00:00	2026-05-18 07:00:00+00:00	Monday	15	5	0.0	3481	2	22	22	6	0	46	4	1019	6	325	NW	SU	Sunny	1	0	2	05:39:00+00:00	16:28:00+00:00	D	3	7	7	day	12	3	False	
0.0.3	2026-05-14 21:46:49.577696+00:00	2026-05-18 08:00:00+00:00	Monday	17	4	0.0	3483	3	5	5	2	1	39	4	1019	6	329	NNW	SU	Sunny	5	0	2	05:39:00+00:00	16:28:00+00:00	D	8	8	7	day	12	3	False	
0.0.3	2026-05-14 21:46:49.577696+00:00	2026-05-18 09:00:00+00:00	Monday	18	4	0.0	3488	3	12	10	6	3	34	4	1017	4	311	NW	HZ		10	0	2	05:39:00+00:00	16:28:00+00:00	D	3	8	7	day	12	3	False	
0.0.3	2026-05-14 21:46:49.577696+00:00	2026-05-18 10:00:00+00:00	Monday	19	3	0.0	3474	4	22	22	6	4	31	4	1016	4	294	WNW	HZ		14	0	2	05:39:00+00:00	16:28:00+00:00	D	3	7	7	day	13	3	False	
0.0.3	2026-05-14 21:46:49.577696+00:00	2026-05-18 11:00:00+00:00	Monday	20	2	0.0	3527	4	83	82	28	2	29	4	1015	4	294	WNW	PC	Partly Cloudy	17	0	2	05:39:00+00:00	16:28:00+00:00	D	0	7	7	day	13	3	False	
0.0.3	2026-05-14 21:46:49.577696+00:00	2026-05-18 12:00:00+00:00	Monday	19	2	0.0	3561	4	99	96	79	4	28	2	1014	4	264	W	PC	Partly Cloudy	20	0	2	05:39:00+00:00	16:28:00+00:00	D	0	7	7	day	13	3	False	
0.0.3	2026-05-14 21:46:49.577696+00:00	2026-05-18 13:00:00+00:00	Monday	18	2	0.0	3572	3	100	92	99	6	28	4	1014	6	211	SSW	FA	Fair	22	0	2	05:39:00+00:00	16:28:00+00:00	D	0	7	7	day	14	3	False	
0.0.3	2026-05-14 21:46:49.577696+00:00	2026-05-18 14:00:00+00:00	Monday	18	3	0.0	3542	2	99	91	94	10	32	4	1014	6	178	S	CL	Cloudy	19	0	2	05:39:00+00:00	16:28:00+00:00	D	0	7	7	day	14	3	False	
0.0.3	2026-05-14 21:46:49.577696+00:00	2026-05-18 15:00:00+00:00	Monday	17	5	0.0	3490	1	97	87	94	10	40	4	1015	4	206	SSW	CL	Cloudy	15	0	2	05:39:00+00:00	16:28:00+00:00	D	0	7	6	day	14	3	False	
0.0.3	2026-05-14 21:46:49.577696+00:00	2026-05-18 16:00:00+00:00	Monday	17	5	0.0	3495	1	99	77	93	24	44	2	1017	4	228	SW	CL	Cloudy	12	0	2	05:39:00+00:00	16:28:00+00:00	N	0	7	6	naut	15	3	False	
0.0.3	2026-05-14 21:46:49.577696+00:00	2026-05-18 17:00:00+00:00	Monday	17	5	0.0	3516	1	99	65	99	10	47	2	1018	2	115	ESE	CL	Cloudy	10	0	2	05:39:00+00:00	16:28:00+00:00	N	0	7	6	night	0	3	False	
0.0.3	2026-05-14 21:46:49.577696+00:00	2026-05-18 18:00:00+00:00	Monday	17	6	0.0	3522	0	89	39	83	78	51	4	1018	2	103	ESE	CL	Cloudy	9	0	2	05:39:00+00:00	16:28:00+00:00	N	0	7	6	night	0	3	False	
0.0.3	2026-05-14 21:46:49.577696+00:00	2026-05-18 19:00:00+00:00	Monday	16	6	0.0	3517	0	85	7	14	84	52	2	1018	4	75	ENE	FA	Fair	8	0	2	05:39:00+00:00	16:28:00+00:00	N	0	7	6	night	0	3	False	
0.0.3	2026-05-14 21:46:49.577696+00:00	2026-05-18 20:00:00+00:00	Monday	15	6	0.0	3457	0	37	4	19	35	57	2	1018	4	3	N	FA	Fair	7	0	2	05:39:00+00:00	16:28:00+00:00	N	2	7	6	night	0	3	False	
0.0.3	2026-05-14 21:46:49.577696+00:00	2026-05-18 21:00:00+00:00	Monday	14	6	0.0	3491	0	42	5	11	41	56	4	1017	2	355	N	FA	Fair	6	0	2	05:39:00+00:00	16:28:00+00:00	N	2	7	6	night	0	3	False	
0.0.3	2026-05-14 21:46:49.577696+00:00	2026-05-18 22:00:00+00:00	Monday	14	5	0.0	3505	0	8	5	7	0	57	6	1017	2	345	NNW	FA	Fair	6	0	2	05:39:00+00:00	16:28:00+00:00	N	8	7	6	night	0	2	True	
0.0.3	2026-05-14 21:46:49.577696+00:00	2026-05-18 23:00:00+00:00	Monday	13	5	0.0	3515	0	24	18	10	0	57	4	1017	2	334	NNW	FA	Fair	5	0	2	05:39:00+00:00	16:28:00+00:00	N	3	7	6	night	0	3	False	
0.0.3	2026-05-14 21:46:49.577696+00:00	2026-05-19 00:00:00+00:00	Tuesday	13	5	0.0	3519	0	40	38	9	6	59	4	1017	2	341	NNW	PC	Partly Cloudy	4	0	3	05:40:00+00:00	16:27:00+00:00	N	2	7	6	night	0	3	False	
0.0.3	2026-05-14 21:46:49.577696+00:00	2026-05-19 01:00:00+00:00	Tuesday	13	5	0.0	3521	0	86	6	71	61	57	4	1017	0	349	N	PC	Partly Cloudy	3	0	3	05:40:00+00:00	16:27:00+00:00	N	0	7	6	night	0	3	False	
0.0.3	2026-05-14 21:46:49.577696+00:00	2026-05-19 02:00:00+00:00	Tuesday	13	5	0.0	3529	0	28	17	28	7	58	6	1016	2	357	N	HZ		2	0	3	05:40:00+00:00	16:27:00+00:00	N	2	6	6	night	0	2	False	
0.0.3	2026-05-14 21:46:49.577696+00:00	2026-05-19 03:00:00+00:00	Tuesday	12	5	0.0	3496	0	21	4	21	8	63	4	1017	0	357	N	HZ		1	0	3	05:40:00+00:00	16:27:00+00:00	N	3	6	6	night	0	3	False	
0.0.3	2026-05-14 21:46:49.577696+00:00	2026-05-19 04:00:00+00:00	Tuesday	12	5	0.0	3485	0	12	2	12	12	65	4	1017	0	7	N	HZ		1	0	3	05:40:00+00:00	16:27:00+00:00	N	3	7	6	naut	0	4	False	
0.0.3	2026-05-14 21:46:49.577696+00:00	2026-05-19 05:00:00+00:00	Tuesday	12	5	0.0	3472	0	62	0	47	49	66	4	1018	2	12	N	PC	Partly Cloudy	0	0	3	05:40:00+00:00	16:27:00+00:00	N	1	7	6	day	0	4	False	
0.0.3	2026-05-14 21:46:49.577696+00:00	2026-05-19 06:00:00+00:00	Tuesday	14	6	0.0	3457	0	99	4	10	99	62	4	1018	4	12	N	PC	Partly Cloudy	0	0	3	05:40:00+00:00	16:27:00+00:00	D	0	7	6	day	0	3	False	
0.0.3	2026-05-14 21:46:49.577696+00:00	2026-05-19 07:00:00+00:00	Tuesday	15	5	0.0	3459	1	99	5	30	99	50	8	1017	8	341	NNW	FA	Fair	25	0	3	05:40:00+00:00	16:27:00+00:00	D	0	8	6	day	0	2	False	
0.0.3	2026-05-14 21:46:49.577696+00:00	2026-05-19 08:00:00+00:00	Tuesday	17	4	0.0	3461	2	99	2	82	99	39	11	1016	11	333	NNW	SU	Sunny	25	0	3	05:40:00+00:00	16:27:00+00:00	D	0	8	7	day	20	1	False	
0.0.3	2026-05-14 21:46:49.577696+00:00	2026-05-19 09:00:00+00:00	Tuesday	17	3	0.0	3440	3	98	1	96	98	34	11	1015	11	323	NW	FA	Fair	0	0	3	05:40:00+00:00	16:27:00+00:00	D	0	8	6	day	20	1	False	
0.0.3	2026-05-14 21:46:49.577696+00:00	2026-05-19 10:00:00+00:00	Tuesday	18	3	0.0	3447	3	96	5	96	92	32	11	1014	11	312	NW	PC	Partly Cloudy	25	0	3	05:40:00+00:00	16:27:00+00:00	D	0	8	6	day	20	1	False	
0.0.3	2026-05-14 21:46:49.577696+00:00	2026-05-19 11:00:00+00:00	Tuesday	18	3	0.0	3509	4	30	10	30	0	29	11	1012	11	307	NW	PC	Partly Cloudy	21	0	3	05:40:00+00:00	16:27:00+00:00	D	2	8	6	day	21	1	False	
0.0.3	2026-05-14 21:46:49.577696+00:00	2026-05-19 12:00:00+00:00	Tuesday	19	2	0.0	3491	3	50	44	26	0	30	8	1012	8	311	NW	CL	Cloudy	0	0	3	05:40:00+00:00	16:27:00+00:00	D	2	8	6	day	21	2	False	
0.0.3	2026-05-14 21:46:49.577696+00:00	2026-05-19 15:00:00+00:00	Tuesday	18	4	0.0	3477	1	64	55	64	0	38	6	1012	8	321	NW	PC	Partly Cloudy	0	0	3	05:40:00+00:00	16:27:00+00:00	D	1	7	6	day	22	2	False	
0.0.3	2026-05-14 21:46:49.577696+00:00	2026-05-19 18:00:00+00:00	Tuesday	15	5	0.0	3565	0	55	6	55	0	55	6	1015	6	11	N	LR	Light Rain	4	0	3	05:40:00+00:00	16:27:00+00:00	N	1	4	6	night	23	2	False	
0.0.3	2026-05-14 21:46:49.577696+00:00	2026-05-19 21:00:00+00:00	Tuesday	14	6	0.0	3582	0	83	17	83	0	64	2	1016	2	350	N	SH	Showers	6	0	3	05:40:00+00:00	16:27:00+00:00	N	0	4	6	night	0	3	False	
0.0.3	2026-05-14 21:46:49.577696+00:00	2026-05-20 00:00:00+00:00	Wednesday	13	6	0.0	3567	0	4	0	4	0	71	2	1016	4	327	NNW	FA	Fair	0	0	4	05:41:00+00:00	16:27:00+00:00	N	5	4	6	night	0	4	True	
0.0.3	2026-05-14 21:46:49.577696+00:00	2026-05-20 03:00:00+00:00	Wednesday	12	7	0.0	3579	0	24	3	7	23	79	2	1016	2	237	WSW	FA	Fair	0	0	4	05:41:00+00:00	16:27:00+00:00	N	3	4	7	night	0	5	False	
0.0.3	2026-05-14 21:46:49.577696+00:00	2026-05-20 06:00:00+00:00	Wednesday	14	7	0.0	3734	0	10	0	0	10	78	4	1018	8	275	W	FA	Fair	0	0	4	05:41:00+00:00	16:27:00+00:00	D	5	3	7	day	0	5	False	
0.0.3	2026-05-14 21:46:49.577696+00:00	2026-05-20 09:00:00+00:00	Wednesday	19	7	0.0	3741	3	3	0	0	3	52	4	1017	20	272	W	FA	Fair	0	0	4	05:41:00+00:00	16:27:00+00:00	D	8	6	7	day	28	3	False	
0.0.3	2026-05-14 21:46:49.577696+00:00	2026-05-20 12:00:00+00:00	Wednesday	21	2	0.0	3825	4	47	7	22	37	32	8	1013	17	240	WSW	FA	Fair	0	0	4	05:41:00+00:00	16:27:00+00:00	D	2	7	8	day	29	2	False	
0.0.3	2026-05-14 21:46:49.577696+00:00	2026-05-20 15:00:00+00:00	Wednesday	19	0	0.0	3846	2	33	12	14	30	33	8	1014	13	208	SSW	SU	Sunny	4	0	4	05:41:00+00:00	16:27:00+00:00	D	2	7	8	day	30	2	False	
0.0.3	2026-05-14 21:46:49.577696+00:00	2026-05-20 18:00:00+00:00	Wednesday	17	-4	0.0	3871	1	94	0	1	94	33	4	1019	4	193	SSW	FA	Fair	4	0	4	05:41:00+00:00	16:27:00+00:00	N	0	7	8	night	31	3	False	
0.0.3	2026-05-14 21:46:49.577696+00:00	2026-05-20 21:00:00+00:00	Wednesday	15	-7	0.0	3874	0	2	0	0	2	31	4	1021	6	175	S	FA	Fair	4	0	4	05:41:00+00:00	16:27:00+00:00	N	8	7	8	night	0	3	True	
0.0.3	2026-05-14 21:46:49.577696+00:00	2026-05-21 00:00:00+00:00	Thursday	13	-7	0.0	3922	0	70	0	0	70	35	2	1021	6	130	SE	SU	Sunny	4	0	5	05:41:00+00:00	16:26:00+00:00	N	1	6	8	night	0	3	False	
0.0.3	2026-05-14 21:46:49.577696+00:00	2026-05-21 03:00:00+00:00	Thursday	12	-7	0.0	3927	0	22	0	0	22	36	2	1021	2	133	SE	SU	Sunny	0	0	5	05:41:00+00:00	16:26:00+00:00	N	3	6	8	night	0	3	False	
0.0.3	2026-05-14 21:46:49.577696+00:00	2026-05-21 06:00:00+00:00	Thursday	14	-6	0.0	3921	0	99	0	0	99	33	2	1022	2	126	SE	FA	Fair	0	0	5	05:41:00+00:00	16:26:00+00:00	D	0	6	8	day	0	3	False	
0.0.3	2026-05-14 21:46:49.577696+00:00	2026-05-21 09:00:00+00:00	Thursday	19	-5	0.0	3889	3	93	0	0	93	24	2	1019	4	17	NNE	SU	Sunny	0	0	5	05:41:00+00:00	16:26:00+00:00	D	0	6	8	day	0	3	False	
0.0.3	2026-05-14 21:46:49.577696+00:00	2026-05-21 12:00:00+00:00	Thursday	21	-2	0.0	3869	4	99	0	0	99	23	6	1015	11	262	W	SU	Sunny	0	0	5	05:41:00+00:00	16:26:00+00:00	D	0	6	8	day	36	2	False	
0.0.3	2026-05-14 21:46:49.577696+00:00	2026-05-21 15:00:00+00:00	Thursday	19	0	0.0	3874	2	93	1	4	93	31	4	1015	11	180	S	SU	Sunny	0	0	5	05:41:00+00:00	16:26:00+00:00	D	0	6	8	day	37	3	False	
0.0.3	2026-05-14 21:46:49.577696+00:00	2026-05-21 18:00:00+00:00	Thursday	16	-2	0.0	3800	1	99	0	0	99	37	4	1019	4	169	SSE	HZ		20	0	5	05:41:00+00:00	16:26:00+00:00	N	0	6	8	night	38	3	False	
0.0.3	2026-05-14 21:46:49.577696+00:00	2026-05-21 21:00:00+00:00	Thursday	15	-2	0.0	3712	0	97	0	0	97	40	2	1020	0	150	SSE	SU	Sunny	20	0	5	05:41:00+00:00	16:26:00+00:00	N	0	6	8	night	0	3	False	
0.0.3	2026-05-14 21:46:49.577696+00:00	2026-05-22 00:00:00+00:00	Friday	14	-3	0.0	3681	0	27	0	0	27	43	2	1020	2	22	NNE	FA	Fair	25	0	6	05:42:00+00:00	16:26:00+00:00	N	2	6	8	night	0	3	False	
0.0.3	2026-05-14 21:46:49.577696+00:00	2026-05-22 03:00:00+00:00	Friday	13	-2	0.0	3673	0	97	0	9	97	47	0	1019	0	26	NNE	HZ		10	0	6	05:42:00+00:00	16:26:00+00:00	N	0	6	8	night	0	3	False	
0.0.3	2026-05-14 21:46:49.577696+00:00	2026-05-22 06:00:00+00:00	Friday	14	-1	0.0	3693	0	99	0	0	99	43	0	1021	0	117	ESE	FA	Fair	0	0	6	05:42:00+00:00	16:26:00+00:00	D	0	6	7	day	0	3	False	
0.0.3	2026-05-14 21:46:49.577696+00:00	2026-05-22 09:00:00+00:00	Friday	18	0	0.0	3706	3	94	0	0	94	30	2	1018	8	277	W	HZ		0	0	6	05:42:00+00:00	16:26:00+00:00	D	0	6	7	day	0	3	False	
0.0.3	2026-05-14 21:46:49.577696+00:00	2026-05-22 12:00:00+00:00	Friday	21	3	0.0	3758	4	72	4	8	72	31	4	1014	13	257	WSW	SU	Sunny	0	0	6	05:42:00+00:00	16:26:00+00:00	D	1	6	7	day	43	3	False	
0.0.3	2026-05-14 21:46:49.577696+00:00	2026-05-22 15:00:00+00:00	Friday	19	3	0.0	3715	2	81	53	76	54	36	6	1015	11	194	SSW	FA	Fair	0	0	6	05:42:00+00:00	16:26:00+00:00	D	0	6	7	day	44	2	False	
0.0.3	2026-05-14 21:46:49.577696+00:00	2026-05-22 18:00:00+00:00	Friday	16	0	0.1	3766	1	72	1	5	72	38	4	1018	8	144	SE	FA	Fair	4	0	6	05:42:00+00:00	16:26:00+00:00	N	1	6	7	night	45	3	False	
0.0.3	2026-05-14 21:46:49.577696+00:00	2026-05-22 21:00:00+00:00	Friday	16	0	0.0	3686	0	83	23	36	83	42	2	1020	0	347	NNW	PC	Partly Cloudy	14	0	6	05:42:00+00:00	16:26:00+00:00	N	0	7	7	night	46	3	False	
0.0.3	2026-05-14 21:46:49.577696+00:00	2026-05-23 00:00:00+00:00	Saturday	14	1	0.0	3659	0	71	2	13	68	43	2	1019	0	53	NE	CL	Cloudy	14	0	7	05:42:00+00:00	16:26:00+00:00	N	1	6	6	night	0	3	False	
0.0.3	2026-05-14 21:46:49.577696+00:00	2026-05-23 03:00:00+00:00	Saturday	15	4	0.0	3703	0	91	58	91	43	55	0	1020	0	35	NE	FA	Fair	0	0	7	05:42:00+00:00	16:26:00+00:00	N	0	6	6	night	0	3	False	
0.0.3	2026-05-14 21:46:49.577696+00:00	2026-05-23 06:00:00+00:00	Saturday	15	6	0.0	3684	0	13	2	7	12	60	4	1021	2	353	N	PC	Partly Cloudy	0	0	7	05:42:00+00:00	16:26:00+00:00	D	3	7	6	day	0	3	False	
0.0.3	2026-05-14 21:46:49.577696+00:00	2026-05-23 09:00:00+00:00	Saturday	20	6	0.0	3726	2	96	0	96	3	41	4	1019	8	293	WNW	SU	Sunny	10	0	7	05:42:00+00:00	16:26:00+00:00	D	0	8	6	day	0	3	False	
0.0.3	2026-05-14 21:46:49.577696+00:00	2026-05-23 12:00:00+00:00	Saturday	22	5	0.0	3710	3	98	96	98	0	32	6	1016	11	221	SW	FA	Fair	10	0	7	05:42:00+00:00	16:26:00+00:00	D	0	8	6	day	50	2	False	
0.0.3	2026-05-14 21:46:49.577696+00:00	2026-05-23 15:00:00+00:00	Saturday	16	7	0.7	3680	1	94	92	94	0	49	0	1017	15	277	W	SH	Showers	4	0	7	05:42:00+00:00	16:26:00+00:00	D	0	5	6	day	51	3	False	
0.0.3	2026-05-14 21:46:49.577696+00:00	2026-05-23 18:00:00+00:00	Saturday	16	5	0.6	3706	0	93	62	93	0	48	4	1021	4	115	ESE	FA	Fair	4	0	7	05:42:00+00:00	16:26:00+00:00	N	0	6	7	night	52	3	False	
0.0.3	2026-05-14 21:46:49.577696+00:00	2026-05-23 21:00:00+00:00	Saturday	16	5	0.0	3729	0	93	13	93	0	60	0	1023	0	85	E	SU	Sunny	0	0	7	05:42:00+00:00	16:26:00+00:00	N	0	9	7	night	53	3	False	
0.0.3	2026-05-14 21:46:49.577696+00:00	2026-05-24 00:00:00+00:00	Sunday	15	5	0.0	3612	0	4	1	4	0	66	0	1023	2	113	ESE	PC	Partly Cloudy	0	0	1	05:43:00+00:00	16:25:00+00:00	N	8	9	7	night	0	4	True	
0.0.3	2026-05-14 21:46:49.577696+00:00	2026-05-24 03:00:00+00:00	Sunday	14	5	0.0	3750	0	41	17	41	0	66	4	1024	2	159	SSE	SU	Sunny	0	0	1	05:43:00+00:00	16:25:00+00:00	N	2	8	7	night	0	4	False	
0.0.3	2026-05-14 21:46:49.577696+00:00	2026-05-24 06:00:00+00:00	Sunday	15	6	0.0	3718	0	8	8	1	0	64	2	1026	0	113	ESE	SU	Sunny	0	0	1	05:43:00+00:00	16:25:00+00:00	D	8	8	8	day	0	3	False	
0.0.3	2026-05-14 21:46:49.577696+00:00	2026-05-24 09:00:00+00:00	Sunday	19	5	0.0	3838	3	1	1	0	0	38	2	1023	2	122	ESE	SU	Sunny	10	0	1	05:43:00+00:00	16:25:00+00:00	D	8	8	8	day	0	3	False	
0.0.3	2026-05-14 21:46:49.577696+00:00	2026-05-24 12:00:00+00:00	Sunday	22	0	0.0	3957	4	0	0	0	0	23	4	1020	6	208	SSW	SU	Sunny	10	0	1	05:43:00+00:00	16:25:00+00:00	D	8	9	8	day	57	3	False	
0.0.3	2026-05-14 21:46:49.577696+00:00	2026-05-24 15:00:00+00:00	Sunday	20	0	0.0	4283	2	0	0	0	0	29	4	1020	8	198	SSW	SU	Sunny	10	0	1	05:43:00+00:00	16:25:00+00:00	D	8	9	8	day	58	3	False	
0.0.3	2026-05-14 21:46:49.577696+00:00	2026-05-24 18:00:00+00:00	Sunday	17	-2	0.0	4480	1	0	0	0	0	34	4	1024	11	141	SE	SU	Sunny	10	0	1	05:43:00+00:00	16:25:00+00:00	N	8	9	8	night	59	3	False	
0.0.3	2026-05-14 21:46:49.577696+00:00	2026-05-24 21:00:00+00:00	Sunday	15	-2	0.0	4489	0	0	0	0	0	38	4	1025	4	118	ESE	SU	Sunny	10	0	1	05:43:00+00:00	16:25:00+00:00	N	8	9	8	night	59	3	False	
